4.683500000000000227e+02,1.661392822867307359e+03,1.015400000000000000e+04,-1.065800000000000000e+04,2.241210937500000000e-01,1.508289445368611037e-01,7.570505316461867196e+00,1.065800000000000000e+04,2.215236023287628651e+09,2.036940287240665202e+04,6.762108061977249729e-02,2.980078125000000000e+04
1.104296875000000000e+02,1.532427385193009968e+03,8.123000000000000000e+03,-8.874000000000000000e+03,2.281494140625000000e-01,8.634888615935075451e-02,6.257910607855126983e+00,8.874000000000000000e+03,1.690419338473438501e+09,2.070492866911185047e+04,6.090784062567212997e-02,3.007031250000000000e+04
-1.622854166666666629e+02,1.887981039639256096e+03,9.828000000000000000e+03,-1.106700000000000000e+04,2.637939453125000000e-01,-3.369381694068103450e-02,6.146044417244867830e+00,1.106700000000000000e+04,2.204148928987360001e+09,2.049038233726322869e+04,5.300919579678017163e-02,2.919140625000000000e+04
2.768338541666666401e+02,1.990380628904028299e+03,1.387700000000000000e+04,-1.192100000000000000e+04,2.332763671875000000e-01,8.783728332462861776e-02,1.119478810855541795e+01,1.387700000000000000e+04,2.857664223041728497e+09,2.013790977696849950e+04,3.653812452439868241e-02,2.785546875000000000e+04
-1.815505208333333371e+02,1.501678207577878993e+03,1.068900000000000000e+04,-7.948000000000000000e+03,2.369384765625000000e-01,7.500393732529522239e-01,1.068032146695463602e+01,1.068900000000000000e+04,1.624642051441133976e+09,2.115436723449233250e+04,5.389945579300941397e-02,3.015234375000000000e+04
-1.027104166666666600e+02,2.344497660635392094e+03,1.426600000000000000e+04,-1.351400000000000000e+04,2.236328125000000000e-01,2.125221569292512214e-01,8.627384704724713416e+00,1.426600000000000000e+04,3.339266078061874866e+09,2.070716433709806006e+04,2.500754555230022547e-02,2.766796875000000000e+04
1.001979166666666714e+02,2.247749813794303464e+03,1.251800000000000000e+04,-1.147500000000000000e+04,2.426757812500000000e-01,1.296240364453279670e-01,4.827912561063040009e+00,1.251800000000000000e+04,3.129973690815020084e+09,2.105684724337591979e+04,3.252122388396094799e-02,2.872265625000000000e+04
9.349895833333333428e+01,1.566216323792975345e+03,1.417600000000000000e+04,-1.223800000000000000e+04,2.097167968750000000e-01,7.299958746135167820e-01,1.822540042254167503e+01,1.417600000000000000e+04,1.455877316469772816e+09,2.105048820712095403e+04,5.729503716460353918e-02,3.019921875000000000e+04
2.616250000000000142e+01,1.772373800646677864e+03,1.206600000000000000e+04,-1.203200000000000000e+04,1.606445312500000000e-01,-1.381666206626765980e-01,9.318802882706769708e+00,1.206600000000000000e+04,2.071738343593302488e+09,2.078021010635494167e+04,6.156871010725964433e-02,2.964843750000000000e+04
8.848541666666666572e+01,2.084752975423545649e+03,1.600300000000000000e+04,-1.445400000000000000e+04,2.055664062500000000e-01,-8.515184698317602996e-02,1.423601716909137238e+01,1.600300000000000000e+04,3.105553748306884766e+09,2.075456126485723507e+04,2.025063854436658789e-02,2.766796875000000000e+04
1.442583333333333258e+02,2.062519924886922126e+03,1.156200000000000000e+04,-1.049400000000000000e+04,2.242431640625000000e-01,9.875729283669061956e-03,6.102074176720266863e+00,1.156200000000000000e+04,2.957714254331352711e+09,2.147960017982815043e+04,3.233273983466647405e-02,2.875781250000000000e+04
-1.497630208333333428e+02,2.320778858035244866e+03,1.518000000000000000e+04,-1.420200000000000000e+04,1.729736328125000000e-01,1.341674158994166643e-01,1.053662157106064967e+01,1.518000000000000000e+04,3.360162440151597500e+09,2.035523517945059939e+04,2.484668148020932263e-02,2.762109375000000000e+04
-2.992916666666666714e+01,1.986145343682742350e+03,1.205700000000000000e+04,-1.122800000000000000e+04,1.944580078125000000e-01,1.921469085335247018e-01,7.550676846358165051e+00,1.205700000000000000e+04,2.344626301535167694e+09,2.058684527884174895e+04,3.830232579873008719e-02,2.830078125000000000e+04
-5.123229166666666856e+01,2.019259608587740559e+03,1.636600000000000000e+04,-1.354200000000000000e+04,1.765136718750000000e-01,4.144878418598956782e-01,1.508129555680531553e+01,1.636600000000000000e+04,2.866342065794205666e+09,2.062575960944572216e+04,2.902186537450802267e-02,2.760937500000000000e+04
-2.677322916666666401e+02,1.932227417763563381e+03,1.006900000000000000e+04,-1.174900000000000000e+04,2.427978515625000000e-01,-2.317954959315355126e-02,6.857045538057828793e+00,1.174900000000000000e+04,2.693108490920933723e+09,2.099151056843013066e+04,3.730497533897952911e-02,2.903906250000000000e+04
-1.055843749999999943e+02,2.436635472575697349e+03,1.616400000000000000e+04,-1.571000000000000000e+04,1.911621093750000000e-01,-1.250587196310841143e-01,1.146899048408988975e+01,1.616400000000000000e+04,3.428418561420146942e+09,2.046622192630621794e+04,2.777587190803911671e-02,2.746875000000000000e+04
-1.301062499999999886e+02,1.759129773070368174e+03,8.763000000000000000e+03,-8.217000000000000000e+03,2.390136718750000000e-01,8.308078132085700007e-02,4.492415190409940529e+00,8.763000000000000000e+03,1.820296912954966545e+09,2.074176175476616118e+04,9.356009074202684128e-02,3.084375000000000000e+04
-3.111369791666666629e+02,1.553705330709207601e+03,1.254600000000000000e+04,-1.187100000000000000e+04,2.246093750000000000e-01,7.189815846174238967e-01,1.634318851970960651e+01,1.254600000000000000e+04,1.790669240142401218e+09,2.092804181218191661e+04,6.806111126230221520e-02,2.989453125000000000e+04
-5.862552083333333286e+01,1.511554489546943387e+03,8.376000000000000000e+03,-8.808000000000000000e+03,2.412109375000000000e-01,8.298225973268909261e-02,6.202202070948445112e+00,8.808000000000000000e+03,1.559931257162640572e+09,2.057699971687900324e+04,7.135025902563102429e-02,2.962500000000000000e+04
8.567708333333333703e-01,2.538533647806919817e+03,1.386200000000000000e+04,-1.352000000000000000e+04,2.343750000000000000e-01,2.227402241081853640e-02,5.946498879734299692e+00,1.386200000000000000e+04,4.204035401678080559e+09,2.038352009702738724e+04,3.379183966139586576e-02,2.838281250000000000e+04
2.819270833333333215e+01,2.308372165064990440e+03,1.278800000000000000e+04,-1.146300000000000000e+04,2.413330078125000000e-01,4.153366667803394807e-01,6.609216110691633617e+00,1.278800000000000000e+04,3.771180077806824207e+09,1.925897855383434216e+04,5.772416208559714296e-02,2.883984375000000000e+04
-2.860317708333333258e+02,2.078753645900538231e+03,1.498000000000000000e+04,-1.490200000000000000e+04,2.133789062500000000e-01,1.870977694119363710e-01,1.413634512128957965e+01,1.498000000000000000e+04,3.147299220851586819e+09,2.001813354769345460e+04,6.421177109943210226e-02,2.848828125000000000e+04
-1.372125000000000057e+02,2.623231980514447514e+03,1.352700000000000000e+04,-1.292900000000000000e+04,2.210693359375000000e-01,6.806802948220593008e-02,4.927696248375801780e+00,1.352700000000000000e+04,4.232757074404458523e+09,2.010957803285106638e+04,5.196128304706419676e-02,2.835937500000000000e+04
5.557812499999999822e+00,3.638659965648898833e+03,1.739400000000000000e+04,-1.684700000000000000e+04,2.602539062500000000e-01,1.457705205016718297e-01,6.520398612867760235e+00,1.739400000000000000e+04,9.175374394935611725e+09,1.917317017539050721e+04,3.537521896620365869e-02,2.738671875000000000e+04
8.084218749999999432e+01,2.186456571523366620e+03,1.235400000000000000e+04,-1.133000000000000000e+04,2.507324218750000000e-01,-1.234042011820667695e-01,7.925016604699154144e+00,1.235400000000000000e+04,3.375492695308025360e+09,2.038763367607313558e+04,5.688298506853281533e-02,2.892187500000000000e+04
-1.804432291666666686e+02,3.645323897489824958e+03,1.908700000000000000e+04,-1.878700000000000000e+04,2.648925781250000000e-01,-1.516708468470912875e-02,6.471915409595673907e+00,1.908700000000000000e+04,8.726132672270341873e+09,2.011530144616710822e+04,2.148783589231899674e-02,2.773828125000000000e+04
1.054932291666666657e+02,2.757048087205315369e+03,1.549600000000000000e+04,-1.452200000000000000e+04,2.888183593750000000e-01,1.518036204839981196e-01,6.197033965577718462e+00,1.549600000000000000e+04,4.761535238183133125e+09,2.000757595067906368e+04,3.305798280747229700e-02,2.834765625000000000e+04
3.070796874999999773e+02,3.260993139623377829e+03,1.991200000000000000e+04,-2.162300000000000000e+04,2.426757812500000000e-01,-1.650486473599578618e-01,1.127161936916813367e+01,2.162300000000000000e+04,6.793833102041787148e+09,1.972310436527579441e+04,3.146912618321588001e-02,2.765625000000000000e+04
-2.202526041666666572e+02,2.230729640126066442e+03,1.465400000000000000e+04,-1.592100000000000000e+04,2.645263671875000000e-01,-4.048219238239912920e-01,9.942384818327784757e+00,1.592100000000000000e+04,3.250578243256537437e+09,2.013981674236278195e+04,5.200044113001069113e-02,2.859375000000000000e+04
1.565328125000000057e+02,3.727984817141830263e+03,2.377300000000000000e+04,-1.857900000000000000e+04,2.720947265625000000e-01,2.334870631747200664e-01,8.566176818916821034e+00,2.377300000000000000e+04,9.891967191890205383e+09,1.956517567242319637e+04,1.700218649865491150e-02,2.756250000000000000e+04
-7.160260416666666572e+01,2.381988575944628337e+03,1.348800000000000000e+04,-1.493900000000000000e+04,2.883300781250000000e-01,6.635233294265099196e-03,6.179237256853861382e+00,1.493900000000000000e+04,3.774341757487942219e+09,2.032258221503173991e+04,4.098791910012902079e-02,2.874609375000000000e+04
-2.048776041666666572e+02,3.376612806484494286e+03,2.050800000000000000e+04,-2.339500000000000000e+04,2.783203125000000000e-01,-1.267644229528032962e-01,9.584679723214751590e+00,2.339500000000000000e+04,6.673774483746718407e+09,2.005120270670484024e+04,3.388076068137905322e-02,2.775000000000000000e+04
1.229515624999999943e+02,2.393144783422983892e+03,1.269900000000000000e+04,-1.465400000000000000e+04,2.124023437500000000e-01,-3.363245521015342798e-01,6.210276236904999081e+00,1.465400000000000000e+04,3.322233386567830086e+09,1.945165308774770529e+04,7.659228751709346028e-02,2.857031250000000000e+04
1.143593749999999964e+01,3.369758609996566975e+03,1.767900000000000000e+04,-1.901700000000000000e+04,2.523193359375000000e-01,-3.528212532667829859e-01,8.945716591750905167e+00,1.901700000000000000e+04,7.759714205271640778e+09,1.943112806270775036e+04,2.414972519820764857e-02,2.758593750000000000e+04
2.016817708333333314e+02,2.240583256301291385e+03,1.578600000000000000e+04,-1.381200000000000000e+04,2.479248046875000000e-01,2.600477533822633802e-01,7.170167699145116202e+00,1.578600000000000000e+04,3.466168782736427307e+09,1.960879518278766045e+04,4.069868926856726882e-02,2.838281250000000000e+04
1.104359374999999943e+02,3.096529235332842291e+03,2.030600000000000000e+04,-1.740600000000000000e+04,2.105712890625000000e-01,-1.615584956827754437e-01,9.071170709286622724e+00,2.030600000000000000e+04,6.114740821299825668e+09,1.942375940934762184e+04,6.495266482620960791e-02,2.767968750000000000e+04
-2.594427083333333428e+01,2.082217110267345106e+03,1.541600000000000000e+04,-1.448500000000000000e+04,2.102050781250000000e-01,4.378583197598873156e-01,1.256401205400199927e+01,1.541600000000000000e+04,2.414140784215116978e+09,1.995929426748745027e+04,5.827979938678570088e-02,2.893359375000000000e+04
1.124989583333333343e+02,2.763876227329819358e+03,2.037300000000000000e+04,-1.684300000000000000e+04,2.822265625000000000e-01,2.878829027886561365e-01,1.202658850294357151e+01,2.037300000000000000e+04,5.262663264830365181e+09,1.972781478672232333e+04,4.166439980795105108e-02,2.777343750000000000e+04
-2.975479166666666515e+02,2.577875099968446193e+03,1.551800000000000000e+04,-1.540700000000000000e+04,2.614746093750000000e-01,2.336941946179338717e-02,6.024176204175461180e+00,1.551800000000000000e+04,4.453591921464142799e+09,2.051540958006856818e+04,5.368182833262810649e-02,2.854687500000000000e+04
-1.556218749999999886e+02,3.316814458925634881e+03,1.982200000000000000e+04,-1.782200000000000000e+04,2.255859375000000000e-01,2.916515226438055608e-01,9.392342090001132959e+00,1.982200000000000000e+04,7.124966994997443199e+09,1.930650508415350487e+04,2.308129412342494607e-02,2.776171875000000000e+04
-8.699531249999999716e+01,2.191051821585665039e+03,1.368900000000000000e+04,-1.405900000000000000e+04,2.585449218750000000e-01,1.854611765150023239e-01,9.152027268023456230e+00,1.405900000000000000e+04,2.843601936555744171e+09,2.019529395728599775e+04,4.308222020101921262e-02,2.861718750000000000e+04
-1.277729166666666600e+02,2.692581836325157838e+03,2.310200000000000000e+04,-1.808900000000000000e+04,2.282714843750000000e-01,1.243058216357174617e-01,1.570244002799404370e+01,2.310200000000000000e+04,3.288513731603915691e+09,2.060781494494840445e+04,5.704386730129525768e-02,2.872265625000000000e+04
9.233697916666666572e+01,2.333716733713814392e+03,1.508400000000000000e+04,-1.428500000000000000e+04,3.040771484375000000e-01,1.972202738059971316e-01,8.678197376832736509e+00,1.508400000000000000e+04,3.821393518534260273e+09,2.038768608756173853e+04,4.274665573520915890e-02,2.851171875000000000e+04
9.174218750000000000e+01,2.807971967543814571e+03,1.782300000000000000e+04,-1.908000000000000000e+04,2.769775390625000000e-01,-7.303966356851770980e-02,1.196748602079046364e+01,1.908000000000000000e+04,4.412006850791444778e+09,1.988101977742980671e+04,4.742244791410787919e-02,2.840625000000000000e+04
-2.767203124999999773e+02,2.980580351836546015e+03,1.640600000000000000e+04,-1.588500000000000000e+04,2.884521484375000000e-01,1.285234797822948360e-01,6.571748749965824032e+00,1.640600000000000000e+04,5.894405219643668175e+09,2.025452970165422812e+04,3.779452140321538922e-02,2.839453125000000000e+04
-1.460713541666666799e+02,3.031200268941235208e+03,2.253300000000000000e+04,-1.910600000000000000e+04,2.945556640625000000e-01,5.959360676664653411e-01,1.441118574615113701e+01,2.253300000000000000e+04,6.192849133422936440e+09,1.979148256209015381e+04,2.747541941833243212e-02,2.776171875000000000e+04
9.332812499999999289e+00,2.258735471306900763e+03,1.328300000000000000e+04,-1.453800000000000000e+04,2.467041015625000000e-01,2.802113952177406331e-01,9.034643003014775076e+00,1.453800000000000000e+04,3.574481577167054653e+09,2.000079471377251684e+04,7.201099250623757553e-02,2.832421875000000000e+04
-9.858020833333333144e+01,4.134560267557678344e+03,2.348200000000000000e+04,-2.153800000000000000e+04,2.916259765625000000e-01,1.237100321997999242e-01,7.454679683069636908e+00,2.348200000000000000e+04,1.136122194573295021e+10,2.010761810338292707e+04,3.022019132124437527e-02,2.746875000000000000e+04
-5.929218749999999716e+01,3.075613773186413255e+03,1.594500000000000000e+04,-1.406900000000000000e+04,2.811279296875000000e-01,9.583311463557249443e-02,3.685224427741471409e+00,1.594500000000000000e+04,5.706088408580121994e+09,1.961313237019888038e+04,3.858772400414132997e-02,2.823046875000000000e+04
1.930229166666666742e+02,3.761478469506127567e+03,2.054800000000000000e+04,-1.816600000000000000e+04,2.727050781250000000e-01,1.893269890978660219e-01,7.335169905505226851e+00,2.054800000000000000e+04,9.619757412627281189e+09,1.971023360854559724e+04,2.264308596584959851e-02,2.765625000000000000e+04
1.085098958333333314e+02,2.344753277245193203e+03,1.282900000000000000e+04,-1.341000000000000000e+04,2.379150390625000000e-01,-3.828128331469229928e-01,6.416670483746967690e+00,1.341000000000000000e+04,3.708018070905154705e+09,1.949037751804557774e+04,4.453683508545003278e-02,2.853515625000000000e+04
4.481875000000000142e+01,3.395916362194958310e+03,2.325900000000000000e+04,-2.195400000000000000e+04,2.615966796875000000e-01,-1.699913686590104056e-01,8.672764296639678960e+00,2.325900000000000000e+04,7.538728174654575348e+09,1.915058944510627407e+04,3.335240033283142641e-02,2.757421875000000000e+04
-1.109760416666666600e+02,2.876045616461544341e+03,1.564500000000000000e+04,-1.656300000000000000e+04,2.653808593750000000e-01,-5.870762207641351885e-03,5.825260821741228057e+00,1.656300000000000000e+04,5.364721817921214104e+09,2.006713421236191061e+04,3.169425653280542876e-02,2.819531250000000000e+04
-2.541406250000000000e+02,3.945217243967638296e+03,2.281500000000000000e+04,-1.946200000000000000e+04,2.885742187500000000e-01,4.812298545810934219e-02,6.300888751922926190e+00,2.281500000000000000e+04,1.011565213497726440e+10,2.012755721848376561e+04,2.356381470427066152e-02,2.771484375000000000e+04
7.760729166666666856e+01,2.639628274206142578e+03,1.471400000000000000e+04,-1.450900000000000000e+04,2.407226562500000000e-01,9.205331818789480591e-02,4.758228724495352502e+00,1.471400000000000000e+04,4.703903413385301590e+09,1.977668151947641672e+04,4.783116352079275907e-02,2.834765625000000000e+04
-1.517187500000000000e+02,3.383365708855129469e+03,2.276800000000000000e+04,-2.087300000000000000e+04,2.528076171875000000e-01,7.089797251743701345e-02,1.248124832718037069e+01,2.276800000000000000e+04,7.655826410827580452e+09,2.020007658819850622e+04,3.853999332891336338e-02,2.777343750000000000e+04
8.698958333333333570e+00,2.076548895804185577e+03,1.221700000000000000e+04,-1.424500000000000000e+04,2.495117187500000000e-01,-2.111899338707142193e-01,8.729134747585019838e+00,1.424500000000000000e+04,3.028013355130573750e+09,2.049632137810417044e+04,7.903872647857954070e-02,2.969531250000000000e+04
1.672151041666666629e+02,4.357177396750220396e+03,2.337300000000000000e+04,-2.103200000000000000e+04,2.725830078125000000e-01,-4.045787789244787054e-03,4.704597707125372175e+00,2.337300000000000000e+04,1.166480809659746933e+10,1.986277620986871625e+04,3.614397948098391211e-02,2.755078125000000000e+04
-1.192562499999999943e+02,2.879103786872911314e+03,1.232100000000000000e+04,-1.510300000000000000e+04,2.769775390625000000e-01,-2.015667032267238201e-01,3.415929869558743448e+00,1.510300000000000000e+04,5.064657175786198616e+09,2.054632049471004211e+04,4.011987536056024761e-02,2.876953125000000000e+04
-1.309947916666666679e+01,2.642744518212344246e+03,1.494400000000000000e+04,-1.872400000000000000e+04,2.998046875000000000e-01,-3.146195802961108678e-01,1.053421874647290757e+01,1.872400000000000000e+04,4.731974752681684494e+09,2.096463449780829251e+04,4.867159872653058911e-02,3.000000000000000000e+04
-2.505208333333333592e-01,2.918759160808203887e+03,1.748700000000000000e+04,-1.724900000000000000e+04,2.716064453125000000e-01,2.209980611028654895e-01,9.203365556462873798e+00,1.748700000000000000e+04,6.067499547628759384e+09,2.065562037956071799e+04,3.309843647891208551e-02,2.838281250000000000e+04
6.475260416666667140e+01,3.468962652302001061e+03,2.335100000000000000e+04,-2.210900000000000000e+04,2.597656250000000000e-01,7.957669920983860556e-02,9.570398483616683549e+00,2.335100000000000000e+04,6.635525862117227554e+09,2.058501914812908217e+04,4.929304740047776162e-02,2.835937500000000000e+04
5.253541666666666998e+01,3.259861681273812337e+03,1.556500000000000000e+04,-1.581200000000000000e+04,2.607421875000000000e-01,-5.726925917760977008e-02,5.120663216652284078e+00,1.581200000000000000e+04,6.568508304517069817e+09,2.055560299390755972e+04,4.067771404991082224e-02,2.865234375000000000e+04
7.258541666666666003e+01,3.639011842318918298e+03,2.375200000000000000e+04,-2.412400000000000000e+04,2.724609375000000000e-01,-1.816520990499528587e-01,1.370652773272651004e+01,2.412400000000000000e+04,9.254255270240198135e+09,2.064481160740647829e+04,5.534810959590399926e-02,2.826562500000000000e+04
9.353697916666666856e+01,2.563385011132585987e+03,1.521100000000000000e+04,-1.573900000000000000e+04,2.459716796875000000e-01,3.631261858839936185e-02,8.145387653063547617e+00,1.573900000000000000e+04,4.606320214341454506e+09,2.035122837900642480e+04,5.930874406593217990e-02,2.892187500000000000e+04
1.300567708333333314e+02,4.645430347889157019e+03,2.958800000000000000e+04,-2.098800000000000000e+04,2.763671875000000000e-01,6.097287396857519609e-02,5.402006382987647015e+00,2.958800000000000000e+04,1.370144420467893219e+10,2.023185715337420334e+04,2.639376308141616265e-02,2.777343750000000000e+04
-2.449213541666666742e+02,3.128333704919548381e+03,1.617400000000000000e+04,-1.666200000000000000e+04,2.490234375000000000e-01,3.896957238760578868e-02,4.744088246491706684e+00,1.666200000000000000e+04,6.404991684330514908e+09,1.961089952744842230e+04,3.054293627141885931e-02,2.825390625000000000e+04
-5.279062499999999858e+01,3.660463066664122380e+03,2.295500000000000000e+04,-2.605900000000000000e+04,2.434082031250000000e-01,8.730273098924547226e-02,1.067804733824277541e+01,2.605900000000000000e+04,8.136834056390378952e+09,1.940171013804116592e+04,3.875023084257687295e-02,2.792578125000000000e+04
-3.442968750000000000e+01,2.379593492125175089e+03,1.522100000000000000e+04,-1.746200000000000000e+04,2.324218750000000000e-01,1.516386018993482188e-01,9.140323416577771809e+00,1.746200000000000000e+04,3.664608093964811325e+09,2.001646176325117995e+04,5.814336146252695875e-02,2.858203125000000000e+04
-2.404213541666666742e+02,3.710072735706336516e+03,2.103900000000000000e+04,-2.296300000000000000e+04,2.684326171875000000e-01,-5.049848516159868156e-02,8.374045693201823681e+00,2.296300000000000000e+04,9.875934977544961929e+09,1.953849230897784582e+04,2.147795667771155992e-02,2.772656250000000000e+04
2.615390625000000000e+02,2.748685364469553406e+03,1.394900000000000000e+04,-1.355800000000000000e+04,2.681884765625000000e-01,-2.607747751144079765e-02,5.422394430756598993e+00,1.394900000000000000e+04,5.090944001864156723e+09,2.051986300168815796e+04,2.899295047333109998e-02,2.841796875000000000e+04
-6.490312500000000284e+01,3.932134448732253531e+03,2.080200000000000000e+04,-2.146400000000000000e+04,2.756347656250000000e-01,5.680226539676970499e-02,7.640731253431521708e+00,2.146400000000000000e+04,9.429518148302019119e+09,1.995000501405879550e+04,2.412390169591229275e-02,2.753906250000000000e+04
-3.559322916666666714e+01,2.688761523424862844e+03,1.332500000000000000e+04,-1.592800000000000000e+04,2.923583984375000000e-01,-1.175116140865561237e-01,7.528926346500897537e+00,1.592800000000000000e+04,4.024635268437867641e+09,2.060456842912002685e+04,3.752384069260079197e-02,2.844140625000000000e+04
2.352817708333333258e+02,3.618052093795457949e+03,2.482600000000000000e+04,-1.872500000000000000e+04,2.598876953125000000e-01,3.210062572094354860e-01,1.061261827127260204e+01,2.482600000000000000e+04,9.371665819355258942e+09,2.027527464171370229e+04,1.678711641605803301e-02,2.762109375000000000e+04
-1.746859374999999943e+02,2.379352025064229110e+03,1.320600000000000000e+04,-1.482300000000000000e+04,2.552490234375000000e-01,1.857433802687597502e-01,5.833268820910264552e+00,1.482300000000000000e+04,3.994058127027409554e+09,2.016259085647885877e+04,4.259529825457945840e-02,2.813671875000000000e+04
-1.509635416666666607e+01,4.038631966910747451e+03,2.262600000000000000e+04,-2.133600000000000000e+04,2.828369140625000000e-01,-8.135162314340746437e-02,6.561889824536441651e+00,2.262600000000000000e+04,1.012605379413916397e+10,2.056582840025945552e+04,2.202391375475501456e-02,2.760937500000000000e+04
-1.784739583333333428e+02,2.736898213220609250e+03,1.397300000000000000e+04,-1.619200000000000000e+04,2.124023437500000000e-01,-1.131912694617230875e-01,6.271351460335713668e+00,1.619200000000000000e+04,4.631054905042340279e+09,2.053142793051350600e+04,5.558022702374705581e-02,2.883984375000000000e+04
-6.394322916666666856e+01,3.355874899648312748e+03,1.666500000000000000e+04,-1.874000000000000000e+04,2.645263671875000000e-01,-4.083780442132929622e-03,8.709325580218646223e+00,1.874000000000000000e+04,7.534407913821372032e+09,2.087815699311064236e+04,5.499581249558539719e-02,2.807812500000000000e+04
-5.868281249999999716e+01,2.325578628919676703e+03,1.347700000000000000e+04,-1.261300000000000000e+04,2.685546875000000000e-01,1.975412210546343694e-01,8.581304351862328872e+00,1.347700000000000000e+04,3.655452122110625744e+09,2.031978378605849139e+04,7.405968300417598016e-02,2.860546875000000000e+04
-6.683489583333333428e+01,4.031850759283687694e+03,2.009800000000000000e+04,-2.358700000000000000e+04,2.489013671875000000e-01,-1.954458243924723226e-01,7.148894185092409259e+00,2.358700000000000000e+04,1.063513004943507195e+10,1.991882884583367922e+04,2.013112888331137357e-02,2.759765625000000000e+04
1.581796875000000000e+02,2.664696525580646266e+03,1.517500000000000000e+04,-1.456300000000000000e+04,2.747802734375000000e-01,-1.124534303415531122e-01,7.413224423337215541e+00,1.517500000000000000e+04,4.243940954976499557e+09,2.040575764834574147e+04,4.093061334665334949e-02,2.858203125000000000e+04
3.078848958333333599e+02,3.559786153862363335e+03,1.957300000000000000e+04,-1.809400000000000000e+04,2.779541015625000000e-01,1.411465962696501208e-01,7.086721727550209238e+00,1.957300000000000000e+04,7.445132249083940506e+09,2.040276545337014250e+04,3.058504743613715132e-02,2.812500000000000000e+04
-6.708593750000000000e+01,2.401202419798029496e+03,1.854800000000000000e+04,-1.709900000000000000e+04,2.895507812500000000e-01,7.665825679299445583e-02,1.037730839920897097e+01,1.854800000000000000e+04,4.059195271466973782e+09,2.092890700954795830e+04,4.910128053571806428e-02,2.872265625000000000e+04
2.273385416666666714e+01,3.124026611985813361e+03,2.070900000000000000e+04,-1.973600000000000000e+04,2.965087890625000000e-01,-2.060066280404897476e-01,1.032701686787954820e+01,2.070900000000000000e+04,6.115659655753309250e+09,1.982275704306545958e+04,4.498288064845595152e-02,2.883984375000000000e+04
-3.066562499999999858e+01,2.918123265628389163e+03,1.779000000000000000e+04,-1.629600000000000000e+04,2.799072265625000000e-01,1.865120686066760666e-02,6.762153420458066222e+00,1.779000000000000000e+04,5.218073768951205254e+09,2.060648864935038000e+04,4.406370562932583612e-02,2.837109375000000000e+04
9.405260416666666856e+01,3.536535742085084621e+03,2.222000000000000000e+04,-2.094400000000000000e+04,2.944335937500000000e-01,-6.233057033413119457e-04,1.109163364856473954e+01,2.222000000000000000e+04,8.306582226711709976e+09,2.035426300332299434e+04,2.625809634859035263e-02,2.775000000000000000e+04
9.167343750000000568e+01,2.116060942559965042e+03,1.347200000000000000e+04,-1.502600000000000000e+04,3.087158203125000000e-01,-1.042516382214169271e-02,1.009647247015479898e+01,1.502600000000000000e+04,2.975197180191441536e+09,2.129700248375928277e+04,1.057757898358275550e-01,2.944921875000000000e+04
1.292812499999999964e+01,4.095608028862623541e+03,1.973600000000000000e+04,-2.112000000000000000e+04,3.092041015625000000e-01,-1.323773785074582598e-01,6.864966978937873776e+00,2.112000000000000000e+04,1.132011209881066513e+10,2.045928385878074550e+04,1.850204854398135312e-02,2.748046875000000000e+04
5.301302083333333570e+01,2.484865176871029234e+03,1.353800000000000000e+04,-1.412600000000000000e+04,2.746582031250000000e-01,5.408270199752920893e-02,7.030091519746507700e+00,1.412600000000000000e+04,3.761828369319261074e+09,2.098889382109900180e+04,4.108537151546724081e-02,2.878125000000000000e+04
1.167536458333333371e+02,3.330055571238833181e+03,2.371800000000000000e+04,-2.174100000000000000e+04,3.007812500000000000e-01,-4.481844478008853438e-03,9.078485390589296600e+00,2.371800000000000000e+04,6.480801676181051254e+09,2.072118918624329672e+04,3.995023715124625119e-02,2.785546875000000000e+04
-3.755989583333333570e+01,2.169780242222122070e+03,1.406900000000000000e+04,-1.342300000000000000e+04,3.081054687500000000e-01,-9.378287035538846947e-03,8.782154953250884688e+00,1.406900000000000000e+04,2.839470697847337246e+09,2.094550961025005381e+04,7.751684420026019873e-02,2.991796875000000000e+04
-7.037083333333333712e+01,3.388817719258095167e+03,1.824600000000000000e+04,-1.768500000000000000e+04,2.976074218750000000e-01,3.019264885940335999e-02,7.608079252497153888e+00,1.824600000000000000e+04,8.112211716915143967e+09,2.088228694600283052e+04,1.927637535176882078e-02,2.785546875000000000e+04
-5.657239583333333144e+01,1.997008125705512384e+03,1.155000000000000000e+04,-1.222200000000000000e+04,2.921142578125000000e-01,-4.381332217429967368e-02,6.853065892630883837e+00,1.222200000000000000e+04,2.823928150787546635e+09,2.077923579626496212e+04,4.149972359976451114e-02,2.917968750000000000e+04
-8.867187500000000000e+00,3.055097510815327041e+03,2.136900000000000000e+04,-1.699400000000000000e+04,3.084716796875000000e-01,4.511837603046758849e-02,9.009187213317551013e+00,2.136900000000000000e+04,5.718048042064012527e+09,2.079604216785994868e+04,6.912882026406544367e-02,2.875781250000000000e+04
-3.687979166666666515e+02,2.482878128678622943e+03,1.187000000000000000e+04,-1.515600000000000000e+04,2.968750000000000000e-01,-2.825941280036386449e-01,7.297065885572632027e+00,1.515600000000000000e+04,3.578999260718201160e+09,2.043676938786565734e+04,3.984276744559025335e-02,2.844140625000000000e+04
-1.296734375000000057e+02,2.928102200573396658e+03,1.642800000000000000e+04,-1.938400000000000000e+04,2.978515625000000000e-01,-2.367770989791541936e-01,9.107119999395109744e+00,1.938400000000000000e+04,5.775113302183500290e+09,2.044361547941097160e+04,3.238422213597030169e-02,2.775000000000000000e+04
-3.407083333333333286e+01,2.378501790164550584e+03,1.480300000000000000e+04,-1.419700000000000000e+04,2.763671875000000000e-01,1.595249668148985070e-02,6.670413826822615633e+00,1.480300000000000000e+04,3.862868033735898495e+09,2.032149452117316105e+04,5.700640203646335780e-02,2.834765625000000000e+04
-1.713005208333333371e+02,3.412987621571418458e+03,1.958100000000000000e+04,-1.882600000000000000e+04,2.995605468750000000e-01,-1.102159214570263279e-01,8.730403428960006096e+00,1.958100000000000000e+04,7.515138704042064667e+09,2.010742691531834498e+04,2.047638488377256927e-02,2.753906250000000000e+04
-7.724218750000000000e+01,2.185906594478070474e+03,1.264300000000000000e+04,-1.627900000000000000e+04,2.574462890625000000e-01,-9.078018475948305965e-02,9.290610276890253871e+00,1.627900000000000000e+04,2.874856016844613075e+09,2.067930538741715645e+04,4.768338649955911057e-02,2.858203125000000000e+04
6.151093749999999716e+01,3.161527111698612316e+03,2.013000000000000000e+04,-1.952400000000000000e+04,2.774658203125000000e-01,1.828276850598637565e-02,9.346754080340383908e+00,2.013000000000000000e+04,6.630439510599569321e+09,1.998610494424328499e+04,3.286125541534655470e-02,2.759765625000000000e+04
