4.683500000000000227e+02,1.661392822999999908e+03,1.015400000000000000e+04,-1.07E+04,2.241209999999999869e-01,1.508289999999999909e-01,7.570504999999999818e+00,1.065800000000000000e+04,2.215236023287629128e+09,2.036940287199999875e+04,6.762100000000000055e-02,2.980078125000000000e+04,0
1.104296879999999987e+02,1.532427384999999958e+03,8.123000000000000000e+03,-8.87E+03,2.281489999999999907e-01,8.634899999999999520e-02,6.257911000000000001e+00,8.874000000000000000e+03,1.690419338473438025e+09,2.070492866900000081e+04,6.090799999999999687e-02,3.007031250000000000e+04,0
-1.62E+02,1.887981039999999894e+03,9.828000000000000000e+03,-1.11E+04,2.637939999999999729e-01,-3.37E-02,6.146043999999999841e+00,1.106700000000000000e+04,2.204148928987360001e+09,2.049038233699999910e+04,5.300900000000000056e-02,2.919140625000000000e+04,0
2.768338539999999739e+02,1.990380628999999999e+03,1.387700000000000000e+04,-1.19E+04,2.332760000000000111e-01,8.783699999999999841e-02,1.119478800000000085e+01,1.387700000000000000e+04,2.857664223041728973e+09,2.013790977700000076e+04,3.653800000000000103e-02,2.785546875000000000e+04,0
-1.82E+02,1.501678208000000041e+03,1.068900000000000000e+04,-7.95E+03,2.369380000000000097e-01,7.500390000000000112e-01,1.068032099999999929e+01,1.068900000000000000e+04,1.624642051441133976e+09,2.115436723400000119e+04,5.389900000000000246e-02,3.015234375000000000e+04,0
-1.03E+02,2.344497660999999880e+03,1.426600000000000000e+04,-1.35E+04,2.236329999999999985e-01,2.125219999999999887e-01,8.627385000000000304e+00,1.426600000000000000e+04,3.339266078061874866e+09,2.070716433699999834e+04,2.500799999999999898e-02,2.766796875000000000e+04,0
1.001979170000000039e+02,2.247749813999999787e+03,1.251800000000000000e+04,-1.15E+04,2.426760000000000028e-01,1.296239999999999892e-01,4.827912999999999677e+00,1.251800000000000000e+04,3.129973690815020084e+09,2.105684724300000016e+04,3.252100000000000130e-02,2.872265625000000000e+04,0
9.349895800000000179e+01,1.566216323999999986e+03,1.417600000000000000e+04,-1.22E+04,2.097169999999999868e-01,7.299959999999999782e-01,1.822540000000000049e+01,1.417600000000000000e+04,1.455877316469773054e+09,2.105048820699999851e+04,5.729499999999999871e-02,3.019921875000000000e+04,0
2.616250000000000142e+01,1.772373800999999958e+03,1.206600000000000000e+04,-1.20E+04,1.606450000000000100e-01,-1.38E-01,9.318803000000000836e+00,1.206600000000000000e+04,2.071738343593302011e+09,2.078021010599999863e+04,6.156899999999999873e-02,2.964843750000000000e+04,0
8.848541699999999821e+01,2.084752974999999878e+03,1.600300000000000000e+04,-1.45E+04,2.055659999999999987e-01,-8.52E-02,1.423601700000000037e+01,1.600300000000000000e+04,3.105553748306884766e+09,2.075456126500000028e+04,2.025100000000000164e-02,2.766796875000000000e+04,0
1.442583329999999933e+02,2.062519925000000057e+03,1.156200000000000000e+04,-1.05E+04,2.242429999999999979e-01,9.875999999999999363e-03,6.102073999999999998e+00,1.156200000000000000e+04,2.957714254331353188e+09,2.147960018000000127e+04,3.233300000000000063e-02,2.875781250000000000e+04,0
-1.50E+02,2.320778858000000128e+03,1.518000000000000000e+04,-1.42E+04,1.729739999999999889e-01,1.341670000000000085e-01,1.053662199999999949e+01,1.518000000000000000e+04,3.360162440151597023e+09,2.035523517899999933e+04,2.484700000000000103e-02,2.762109375000000000e+04,0
-2.99E+01,1.986145344000000023e+03,1.205700000000000000e+04,-1.12E+04,1.944579999999999920e-01,1.921470000000000122e-01,7.550677000000000305e+00,1.205700000000000000e+04,2.344626301535168171e+09,2.058684527900000103e+04,3.830200000000000271e-02,2.830078125000000000e+04,0
-5.12E+01,2.019259608999999955e+03,1.636600000000000000e+04,-1.35E+04,1.765140000000000042e-01,4.144880000000000231e-01,1.508129600000000003e+01,1.636600000000000000e+04,2.866342065794205189e+09,2.062575960900000064e+04,2.902199999999999919e-02,2.760937500000000000e+04,0
-2.68E+02,1.932227417999999943e+03,1.006900000000000000e+04,-1.17E+04,2.427980000000000138e-01,-2.32E-02,6.857046000000000419e+00,1.174900000000000000e+04,2.693108490920934200e+09,2.099151056800000151e+04,3.730499999999999788e-02,2.903906250000000000e+04,0
-1.06E+02,2.436635472999999820e+03,1.616400000000000000e+04,-1.57E+04,1.911619999999999986e-01,-1.25E-01,1.146898999999999980e+01,1.616400000000000000e+04,3.428418561420146942e+09,2.046622192599999835e+04,2.777599999999999861e-02,2.746875000000000000e+04,0
-1.30E+02,1.759129772999999886e+03,8.763000000000000000e+03,-8.22E+03,2.390140000000000042e-01,8.308100000000000207e-02,4.492415000000000269e+00,8.763000000000000000e+03,1.820296912954967022e+09,2.074176175499999954e+04,9.356000000000000427e-02,3.084375000000000000e+04,0
-3.11E+02,1.553705330999999887e+03,1.254600000000000000e+04,-1.19E+04,2.246090000000000031e-01,7.189820000000000100e-01,1.634318899999999886e+01,1.254600000000000000e+04,1.790669240142400980e+09,2.092804181199999948e+04,6.806099999999999650e-02,2.989453125000000000e+04,0
-5.86E+01,1.511554489999999987e+03,8.376000000000000000e+03,-8.81E+03,2.412110000000000087e-01,8.298200000000000021e-02,6.202201999999999771e+00,8.808000000000000000e+03,1.559931257162641048e+09,2.057699971699999878e+04,7.134999999999999676e-02,2.962500000000000000e+04,0
8.567709999999999493e-01,2.538533648000000085e+03,1.386200000000000000e+04,-1.35E+04,2.343750000000000000e-01,2.227399999999999866e-02,5.946499000000000201e+00,1.386200000000000000e+04,4.204035401678081036e+09,2.038352009700000053e+04,3.379200000000000259e-02,2.838281250000000000e+04,0
-2.71E+02,2.359356386999999813e+03,1.499700000000000000e+04,-1.90E+04,2.591550000000000242e-01,-1.92E-01,1.151965799999999973e+01,1.902200000000000000e+04,3.509286901242619991e+09,2.032508621100000164e+04,6.087200000000000250e-02,2.888671875000000000e+04,0
-2.63E+02,2.653024871999999959e+03,1.666300000000000000e+04,-1.65E+04,2.663570000000000104e-01,2.194029999999999869e-01,8.382118000000000180e+00,1.666300000000000000e+04,4.408150983065597534e+09,1.995711349699999846e+04,4.013200000000000101e-02,2.824218750000000000e+04,0
6.893281199999999842e+01,2.658870170000000144e+03,1.638600000000000000e+04,-1.75E+04,2.978520000000000056e-01,-1.12E-01,9.228068999999999633e+00,1.748600000000000000e+04,4.836094924411200523e+09,2.098371659699999873e+04,5.939099999999999935e-02,2.857031250000000000e+04,0
-1.06E+02,3.793033350000000155e+03,1.810300000000000000e+04,-1.95E+04,2.827149999999999941e-01,-3.86E-02,6.849618999999999680e+00,1.952000000000000000e+04,9.101256576700384140e+09,2.031447997599999871e+04,2.630499999999999852e-02,2.778515625000000000e+04,0
-1.83E+02,2.049717321000000084e+03,1.449400000000000000e+04,-1.32E+04,2.673340000000000161e-01,5.422699999999999743e-02,1.433975500000000025e+01,1.449400000000000000e+04,2.713467056530815125e+09,2.101124632700000075e+04,6.233400000000000052e-02,2.875781250000000000e+04,0
6.550052100000000621e+01,3.796435684000000037e+03,1.913600000000000000e+04,-2.01E+04,2.683110000000000217e-01,-3.42E-02,7.092550000000000132e+00,2.011100000000000000e+04,9.369436565133539200e+09,2.033325653700000112e+04,4.178500000000000270e-02,2.779687500000000000e+04,0
-1.12E+01,2.482807538999999906e+03,1.535400000000000000e+04,-1.64E+04,2.735600000000000254e-01,5.530299999999999799e-02,8.260294999999999277e+00,1.636300000000000000e+04,4.014368199582271099e+09,2.070989512699999977e+04,4.077000000000000068e-02,2.835937500000000000e+04,0
-2.73E+02,3.366818039000000226e+03,2.242800000000000000e+04,-1.78E+04,2.818599999999999994e-01,2.516459999999999808e-01,9.594416000000000722e+00,2.242800000000000000e+04,7.829606724165670395e+09,2.045226723900000070e+04,2.550200000000000036e-02,2.758593750000000000e+04,0
7.074531199999999842e+01,2.123939843000000110e+03,1.576700000000000000e+04,-1.45E+04,2.860110000000000152e-01,4.871400000000000036e-02,1.252136800000000072e+01,1.576700000000000000e+04,3.126875373317510128e+09,2.110417090499999904e+04,6.087299999999999656e-02,2.846484375000000000e+04,0
7.281250000000000000e+01,3.682333450999999968e+03,2.147100000000000000e+04,-1.72E+04,3.114009999999999834e-01,-4.95E-02,6.344647000000000148e+00,2.147100000000000000e+04,7.988593888035901070e+09,2.061885778700000083e+04,3.143800000000000067e-02,2.748046875000000000e+04,0
-6.83E+01,2.353795111999999790e+03,1.299400000000000000e+04,-1.77E+04,2.977290000000000214e-01,-1.83E-01,9.302355999999999625e+00,1.771800000000000000e+04,3.564497220871431828e+09,2.077543353099999877e+04,5.694400000000000156e-02,2.846484375000000000e+04,0
1.612979170000000124e+02,3.266026189000000159e+03,1.703600000000000000e+04,-1.68E+04,2.785639999999999783e-01,-7.18E-03,8.274675999999999476e+00,1.703600000000000000e+04,7.096906088907299995e+09,2.033042094400000133e+04,2.487699999999999981e-02,2.772656250000000000e+04,0
5.159583299999999895e+01,2.275557503999999881e+03,1.647600000000000000e+04,-1.48E+04,2.596439999999999859e-01,2.181539999999999868e-01,1.121924199999999949e+01,1.647600000000000000e+04,3.387306361874886990e+09,2.028696592999999848e+04,5.299999999999999850e-02,2.886328125000000000e+04,0
1.717958329999999876e+02,3.399079425999999785e+03,1.864800000000000000e+04,-2.02E+04,2.985840000000000161e-01,-9.44E-02,9.716886000000000578e+00,2.023800000000000000e+04,7.205183234314812660e+09,2.028467251300000135e+04,3.255299999999999860e-02,2.757421875000000000e+04,0
1.069510420000000011e+02,2.156191221999999925e+03,1.820500000000000000e+04,-1.48E+04,2.709960000000000147e-01,1.095060000000000061e-01,1.419455400000000012e+01,1.820500000000000000e+04,2.981115044255068779e+09,2.039367040600000109e+04,4.937799999999999828e-02,2.835937500000000000e+04,0
1.293109369999999956e+02,4.022292874000000211e+03,2.081500000000000000e+04,-1.79E+04,2.766109999999999958e-01,1.355139999999999956e-01,5.758928000000000047e+00,2.081500000000000000e+04,1.005337898220804024e+10,1.977151234599999952e+04,2.042899999999999924e-02,2.738671875000000000e+04,0
1.906458299999999895e+01,2.600882312000000184e+03,1.872700000000000000e+04,-1.54E+04,2.535399999999999876e-01,2.539399999999999991e-02,7.298595999999999862e+00,1.872700000000000000e+04,4.105385606181853771e+09,2.021798100100000011e+04,4.624000000000000332e-02,2.826562500000000000e+04,0
1.741088540000000080e+02,2.692210775999999896e+03,1.765600000000000000e+04,-1.65E+04,2.473140000000000061e-01,-7.32E-02,1.425028000000000006e+01,1.765600000000000000e+04,4.995202120757398605e+09,2.042284975599999962e+04,5.045899999999999691e-02,2.851171875000000000e+04,0
-2.14E+02,1.764468014000000039e+03,1.287700000000000000e+04,-1.20E+04,2.270510000000000028e-01,3.562609999999999943e-01,1.423306999999999967e+01,1.287700000000000000e+04,2.259590558827857971e+09,2.053875393600000098e+04,5.868500000000000105e-02,2.864062500000000000e+04,0
-8.74E+01,3.881522402999999940e+03,2.045700000000000000e+04,-1.76E+04,2.771000000000000130e-01,1.695059999999999900e-01,6.053194000000000408e+00,2.045700000000000000e+04,8.978013073460132599e+09,1.982180267499999900e+04,2.246799999999999839e-02,2.739843750000000000e+04,0
6.008958299999999753e+01,1.789988933999999972e+03,1.127500000000000000e+04,-1.16E+04,2.746580000000000132e-01,-1.82E-01,7.996372000000000035e+00,1.160900000000000000e+04,2.094352491306870937e+09,2.081714657900000020e+04,6.941999999999999560e-02,2.875781250000000000e+04,0
1.579953130000000101e+02,1.871670143000000053e+03,1.406500000000000000e+04,-1.24E+04,2.366939999999999877e-01,1.831089999999999940e-01,1.213550399999999918e+01,1.406500000000000000e+04,2.369118142844344139e+09,2.074142077399999835e+04,8.614399999999999835e-02,2.867578125000000000e+04,0
7.634322899999999379e+01,1.539749256999999943e+03,1.045100000000000000e+04,-1.04E+04,1.789550000000000030e-01,3.658200000000000340e-02,7.895110999999999990e+00,1.045100000000000000e+04,1.507451847997844934e+09,2.081954315299999871e+04,7.435799999999999355e-02,2.929687500000000000e+04,0
-2.05E+01,2.664890352999999777e+03,1.459200000000000000e+04,-1.37E+04,2.750239999999999907e-01,-9.23E-02,7.026887000000000327e+00,1.459200000000000000e+04,4.683281788690014839e+09,2.065135902400000123e+04,4.869199999999999917e-02,2.797265625000000000e+04,0
-1.92E+02,2.157986147999999957e+03,1.116100000000000000e+04,-1.31E+04,2.515870000000000051e-01,-8.78E-02,5.636872999999999578e+00,1.305200000000000000e+04,3.053188735687985897e+09,2.080490446800000063e+04,4.317100000000000104e-02,2.840625000000000000e+04,0
9.086302100000000337e+01,2.369993612000000212e+03,1.684200000000000000e+04,-1.49E+04,2.218019999999999992e-01,1.264069999999999916e-01,1.303647400000000012e+01,1.684200000000000000e+04,3.693483480048425198e+09,2.072366500399999859e+04,3.933799999999999797e-02,2.846484375000000000e+04,0
-1.89E+02,1.821330858999999919e+03,1.163600000000000000e+04,-1.31E+04,2.214359999999999939e-01,-2.73E-02,1.058985400000000077e+01,1.308100000000000000e+04,2.327214515606379032e+09,2.064110560800000167e+04,7.414199999999999957e-02,2.812500000000000000e+04,0
-4.93E+02,3.185720628000000033e+03,1.580400000000000000e+04,-1.80E+04,2.453609999999999958e-01,-1.15E-02,6.653902999999999679e+00,1.803900000000000000e+04,6.580301996178823471e+09,2.019182505300000048e+04,3.876000000000000278e-02,2.762109375000000000e+04,0
-1.05E+01,2.144155823000000055e+03,1.383100000000000000e+04,-1.19E+04,2.751460000000000017e-01,2.507170000000000232e-01,5.496608000000000160e+00,1.383100000000000000e+04,2.827011472621671200e+09,2.107516619100000025e+04,6.445599999999999941e-02,2.860546875000000000e+04,0
-2.46E+02,2.915644294000000173e+03,1.773800000000000000e+04,-1.79E+04,2.473140000000000061e-01,3.053159999999999763e-01,9.355995000000000061e+00,1.791600000000000000e+04,5.934237830604942322e+09,2.007804198399999950e+04,2.534300000000000094e-02,2.764453125000000000e+04,0
-1.41E+02,1.955569064999999910e+03,1.352700000000000000e+04,-1.23E+04,2.546390000000000042e-01,4.746119999999999783e-01,8.006764000000000436e+00,1.352700000000000000e+04,2.482937128225450039e+09,2.092833406100000138e+04,5.175500000000000239e-02,2.883984375000000000e+04,0
-2.96E+02,2.714060313999999835e+03,1.504900000000000000e+04,-1.74E+04,2.832029999999999825e-01,1.231349999999999945e-01,9.906928000000000623e+00,1.743000000000000000e+04,4.774178512419399261e+09,2.054526106799999980e+04,4.097399999999999654e-02,2.799609375000000000e+04,0
1.376802079999999933e+02,2.177484124000000065e+03,1.510600000000000000e+04,-1.35E+04,2.479250000000000065e-01,-2.79E-01,7.323528999999999733e+00,1.510600000000000000e+04,3.122893182308547974e+09,2.042464953700000115e+04,4.118399999999999839e-02,2.813671875000000000e+04,0
-3.01E+02,3.378694320000000062e+03,1.713800000000000000e+04,-2.02E+04,2.568360000000000087e-01,5.259699999999999792e-02,6.887544000000000111e+00,2.024200000000000000e+04,7.195356134575828552e+09,2.050273872699999993e+04,2.726299999999999904e-02,2.782031250000000000e+04,0
4.775447919999999726e+02,2.208794367999999849e+03,1.554100000000000000e+04,-1.08E+04,2.037349999999999994e-01,1.762400000000000078e-01,5.990675000000000416e+00,1.554100000000000000e+04,3.371826922315355778e+09,2.077723355299999821e+04,7.645899999999999919e-02,2.872265625000000000e+04,0
3.062796880000000215e+02,2.723702470000000176e+03,1.802000000000000000e+04,-1.69E+04,2.290040000000000131e-01,1.131510000000000016e-01,1.393651900000000055e+01,1.802000000000000000e+04,5.359946493824136734e+09,2.029130304199999955e+04,4.639599999999999974e-02,2.763281250000000000e+04,0
5.579687999999999981e+00,1.975586109999999962e+03,1.228600000000000000e+04,-1.40E+04,2.365720000000000045e-01,1.965580000000000105e-01,8.992428000000000310e+00,1.398100000000000000e+04,2.764802339523149014e+09,1.999630509099999836e+04,5.871900000000000036e-02,2.825390625000000000e+04,0
3.759520830000000160e+02,3.846206387000000177e+03,2.024700000000000000e+04,-1.55E+04,2.390140000000000042e-01,1.986159999999999870e-01,4.799822999999999951e+00,2.024700000000000000e+04,9.568114369261859894e+09,2.006267451399999845e+04,2.426199999999999884e-02,2.746875000000000000e+04,0
-2.18E+02,2.325317359000000124e+03,1.254100000000000000e+04,-1.19E+04,2.543949999999999823e-01,6.811399999999999400e-02,4.743233000000000033e+00,1.254100000000000000e+04,3.370413644383172035e+09,2.082185285400000066e+04,5.168799999999999784e-02,2.840625000000000000e+04,0
-1.94E+02,2.841964386999999988e+03,1.729700000000000000e+04,-1.85E+04,2.364499999999999935e-01,-2.15E-01,1.238061100000000003e+01,1.849000000000000000e+04,5.343878973291103363e+09,2.021978676899999846e+04,4.020800000000000068e-02,2.783203125000000000e+04,0
-2.08E+02,1.580807381999999961e+03,9.748000000000000000e+03,-1.18E+04,2.037349999999999994e-01,-2.92E-01,1.143920400000000015e+01,1.179300000000000000e+04,1.758373135454122066e+09,2.114665235000000030e+04,6.419199999999999906e-02,3.008203125000000000e+04,0
-3.42E+02,4.991004955999999765e+03,3.868800000000000000e+04,-3.89E+04,2.578119999999999856e-01,1.083800000000000041e-02,1.490712000000000081e+01,3.892500000000000000e+04,1.744975609245285416e+10,2.030188368800000171e+04,3.156300000000000078e-02,2.799609375000000000e+04,0
1.928604170000000124e+02,1.846125872999999956e+03,1.105800000000000000e+04,-1.14E+04,2.746580000000000132e-01,-1.62E-01,7.710754999999999804e+00,1.142200000000000000e+04,2.264931821189064980e+09,2.124282316899999933e+04,9.713900000000000312e-02,2.978906250000000000e+04,0
1.299130209999999863e+02,2.155097772999999961e+03,1.521300000000000000e+04,-1.63E+04,2.702640000000000042e-01,-5.92E-02,1.674555499999999952e+01,1.625100000000000000e+04,3.267674445397002220e+09,2.056545750400000179e+04,5.894800000000000040e-02,2.848828125000000000e+04,0
-8.16E+01,1.258859042999999929e+03,9.217000000000000000e+03,-9.08E+03,2.663570000000000104e-01,-3.52E-01,1.572144800000000053e+01,9.217000000000000000e+03,1.142886358138133049e+09,2.095348919000000024e+04,7.660000000000000142e-02,2.943750000000000000e+04,0
5.329166699999999679e+01,2.650221380999999838e+03,1.597200000000000000e+04,-1.55E+04,2.456049999999999900e-01,-1.86E-01,1.101028900000000021e+01,1.597200000000000000e+04,4.596125537207622528e+09,2.058704073000000062e+04,2.697400000000000145e-02,2.804296875000000000e+04,0
-9.32E+01,2.074377720999999838e+03,1.257500000000000000e+04,-1.11E+04,2.811279999999999890e-01,-1.59E-01,6.369619000000000142e+00,1.257500000000000000e+04,2.817011670229823112e+09,2.039010330299999987e+04,4.107000000000000234e-02,2.838281250000000000e+04,0
-1.93E+02,2.146023078000000169e+03,1.514700000000000000e+04,-1.50E+04,2.755130000000000079e-01,-3.84E-01,1.923574899999999843e+01,1.514700000000000000e+04,3.039591692058816910e+09,2.014537932000000001e+04,3.835899999999999727e-02,2.811328125000000000e+04,0
-1.30E+02,1.525069338000000016e+03,1.003000000000000000e+04,-1.16E+04,2.058109999999999939e-01,-1.74E-01,1.227273500000000084e+01,1.163700000000000000e+04,1.545049700561041117e+09,2.036762548899999820e+04,6.241700000000000026e-02,2.889843750000000000e+04,0
-1.05E+02,2.764447604999999839e+03,2.007000000000000000e+04,-1.67E+04,2.507320000000000104e-01,4.246599999999999681e-02,1.216235499999999981e+01,2.007000000000000000e+04,4.788419885665317535e+09,1.992360905300000013e+04,2.487400000000000028e-02,2.760937500000000000e+04,0
-1.82E+02,1.854899302999999918e+03,1.063500000000000000e+04,-1.08E+04,2.676999999999999935e-01,1.380500000000000060e-01,8.945926000000000045e+00,1.077300000000000000e+04,2.242227048760786057e+09,2.092589727700000003e+04,4.986499999999999960e-02,2.867578125000000000e+04,0
-4.48E+01,2.495558756999999787e+03,1.627100000000000000e+04,-1.69E+04,2.451170000000000015e-01,-6.59E-02,1.380066399999999938e+01,1.689400000000000000e+04,4.113329978177083969e+09,2.039848371699999916e+04,4.833699999999999802e-02,2.893359375000000000e+04,0
-2.99E+01,1.965976724999999988e+03,1.538500000000000000e+04,-1.58E+04,2.442630000000000079e-01,-3.17E-01,1.363239300000000043e+01,1.580300000000000000e+04,2.407621020164663792e+09,2.101527313399999912e+04,7.391000000000000347e-02,2.887500000000000000e+04,0
-3.34E+01,2.158783085999999912e+03,1.484200000000000000e+04,-1.81E+04,2.512210000000000276e-01,-8.67E-02,1.988720999999999961e+01,1.810300000000000000e+04,3.316410728258330822e+09,2.040873817699999927e+04,3.249500000000000305e-02,2.790234375000000000e+04,0
1.583588540000000080e+02,1.875276728000000048e+03,1.660100000000000000e+04,-1.41E+04,2.327879999999999949e-01,-1.48E-01,1.559588300000000061e+01,1.660100000000000000e+04,2.550863875265744209e+09,2.076160268500000166e+04,5.240899999999999725e-02,2.864062500000000000e+04,0
1.259760420000000067e+02,3.299660699999999906e+03,2.032700000000000000e+04,-1.97E+04,2.374269999999999992e-01,-1.02E-01,1.061170100000000005e+01,2.032700000000000000e+04,6.720511617805168152e+09,2.062529929199999970e+04,4.957899999999999807e-02,2.778515625000000000e+04,0
4.136041699999999821e+01,2.303569664999999986e+03,1.608800000000000000e+04,-1.62E+04,2.393800000000000094e-01,1.000270000000000048e-01,1.096423899999999918e+01,1.616200000000000000e+04,3.075203225706383228e+09,2.074592679100000169e+04,4.084499999999999936e-02,2.845312500000000000e+04,0
-8.19E+01,2.280343483000000106e+03,1.863600000000000000e+04,-2.06E+04,2.766109999999999958e-01,-2.71E-02,2.990184599999999904e+01,2.059700000000000000e+04,3.595810717191516876e+09,2.030381887799999822e+04,4.181700000000000000e-02,2.791406250000000000e+04,0
3.094479170000000181e+02,3.833127607999999782e+03,3.934000000000000000e+04,-3.75E+04,2.757569999999999744e-01,-6.37E-02,3.496949399999999741e+01,3.934000000000000000e+04,1.038380774665927124e+10,2.008419368100000065e+04,6.315900000000000680e-02,2.830078125000000000e+04,0
5.805989600000000195e+01,4.717872806999999739e+03,4.638000000000000000e+04,-5.62E+04,2.406010000000000093e-01,-5.38E-01,4.218791699999999878e+01,5.616700000000000000e+04,9.549179978960449219e+09,2.039948277800000142e+04,3.503400000000000264e-02,2.757421875000000000e+04,0
1.572140630000000101e+02,1.598503701999999976e+03,1.032400000000000000e+04,-1.05E+04,2.871090000000000031e-01,-1.71E-01,1.127387000000000050e+01,1.045200000000000000e+04,1.432410910523643970e+09,2.003502594799999861e+04,5.492899999999999866e-02,2.872265625000000000e+04,0
2.061713540000000080e+02,1.841137701999999990e+03,1.490000000000000000e+04,-1.03E+04,2.633059999999999845e-01,2.852939999999999920e-01,1.002222899999999939e+01,1.490000000000000000e+04,2.091463139959151030e+09,2.033604972099999941e+04,6.378499999999999448e-02,2.893359375000000000e+04,0
-8.21E+00,1.512241011999999955e+03,1.115100000000000000e+04,-1.04E+04,2.512210000000000276e-01,4.373879999999999990e-01,1.259106899999999918e+01,1.115100000000000000e+04,1.605515279413700104e+09,2.110277092899999843e+04,5.694899999999999962e-02,2.892187500000000000e+04,0
1.609124999999999943e+02,2.286861875000000055e+03,1.366300000000000000e+04,-1.71E+04,2.513429999999999831e-01,-3.97E-01,1.338596599999999981e+01,1.713800000000000000e+04,3.258758958931762218e+09,2.002603334299999915e+04,3.063899999999999957e-02,2.767968750000000000e+04,0
9.865833299999999895e+01,1.677434934000000112e+03,1.180300000000000000e+04,-1.08E+04,2.514649999999999941e-01,-4.34E-02,1.058967600000000076e+01,1.180300000000000000e+04,1.780121677010030985e+09,2.044091920300000129e+04,4.935400000000000204e-02,2.867578125000000000e+04,0
1.163942710000000034e+02,2.269493547000000035e+03,1.737400000000000000e+04,-1.37E+04,2.377930000000000044e-01,2.841609999999999969e-01,1.385971400000000031e+01,1.737400000000000000e+04,3.398791257246662140e+09,2.025827544699999999e+04,4.381800000000000278e-02,2.755078125000000000e+04,0
2.180728999999999917e+00,1.689193160999999918e+03,1.074300000000000000e+04,-1.18E+04,2.304690000000000072e-01,2.988399999999999945e-01,1.099139699999999920e+01,1.179500000000000000e+04,1.909789313141139030e+09,2.092512689799999862e+04,5.468499999999999750e-02,2.847656250000000000e+04,0
1.662411459999999863e+02,2.736881440999999995e+03,1.546400000000000000e+04,-1.67E+04,2.440190000000000137e-01,4.713099999999999928e-02,9.327220000000000510e+00,1.666800000000000000e+04,4.632657417621093750e+09,2.003388717000000179e+04,2.495899999999999855e-02,2.744531250000000000e+04,0
-1.41E+02,1.630696727999999894e+03,1.074800000000000000e+04,-1.25E+04,2.381590000000000096e-01,-1.41E-01,1.128446100000000030e+01,1.247000000000000000e+04,1.882849409066104889e+09,1.996379180600000109e+04,5.868899999999999811e-02,2.853515625000000000e+04,0
2.139322900000000161e+01,2.259148811999999907e+03,1.666900000000000000e+04,-1.53E+04,2.406010000000000093e-01,1.320510000000000017e-01,1.316580000000000084e+01,1.666900000000000000e+04,2.726040962265089035e+09,2.037445138299999962e+04,4.179900000000000282e-02,2.790234375000000000e+04,0
-1.12E+02,1.829477857000000085e+03,1.053000000000000000e+04,-1.14E+04,2.758789999999999853e-01,1.225929999999999936e-01,9.606396999999999409e+00,1.143300000000000000e+04,2.065142427617088079e+09,2.091637436600000001e+04,5.795999999999999763e-02,2.858203125000000000e+04,0
-2.96E+02,2.526787527999999838e+03,1.744700000000000000e+04,-1.65E+04,2.625730000000000008e-01,3.370599999999999985e-02,1.218462399999999946e+01,1.744700000000000000e+04,4.523016995102640152e+09,1.990634957099999883e+04,2.483300000000000091e-02,2.748046875000000000e+04,0
9.166302100000000053e+01,1.980585616000000073e+03,1.737500000000000000e+04,-1.37E+04,2.497560000000000058e-01,3.069000000000000113e-03,1.443298700000000068e+01,1.737500000000000000e+04,2.727117365853889942e+09,2.056202018200000020e+04,4.422299999999999842e-02,2.854687500000000000e+04,0
-2.01E+02,2.319738132999999834e+03,1.468000000000000000e+04,-1.75E+04,2.686769999999999992e-01,-5.64E-01,1.571975199999999973e+01,1.745100000000000000e+04,3.101614916988694191e+09,2.087079904299999907e+04,6.133299999999999863e-02,2.847656250000000000e+04,0
-6.14E+01,1.852684001999999964e+03,1.416500000000000000e+04,-1.37E+04,2.359620000000000051e-01,5.920700000000000268e-02,1.467470999999999925e+01,1.416500000000000000e+04,2.039570882173124075e+09,2.086531770699999834e+04,6.375699999999999423e-02,2.850000000000000000e+04,0
5.222239600000000337e+01,3.105457676999999876e+03,1.571500000000000000e+04,-1.85E+04,2.456049999999999900e-01,1.252149999999999930e-01,8.983176999999999524e+00,1.846900000000000000e+04,6.553875560807097435e+09,2.038076785799999925e+04,3.542900000000000216e-02,2.751562500000000000e+04,0
-4.52E+02,2.027886252000000013e+03,1.221600000000000000e+04,-1.47E+04,2.228999999999999870e-01,1.645250000000000046e-01,1.092319200000000023e+01,1.470200000000000000e+04,2.915256736256838799e+09,2.038748497800000041e+04,4.414900000000000074e-02,2.835937500000000000e+04,0
-1.04E+02,2.613745526000000154e+03,1.576800000000000000e+04,-1.80E+04,2.321779999999999955e-01,3.230899999999999744e-02,1.515760700000000050e+01,1.802500000000000000e+04,4.661777011906459808e+09,2.046175501900000017e+04,3.092699999999999963e-02,2.760937500000000000e+04,0
-2.21E+02,1.815934330000000045e+03,1.556800000000000000e+04,-1.41E+04,1.988530000000000020e-01,1.788899999999999935e-01,1.680644300000000158e+01,1.556800000000000000e+04,2.051571953879074097e+09,2.069965965900000083e+04,1.083999999999999964e-01,3.004687500000000000e+04,0
-4.00E+02,2.900045004000000063e+03,1.731900000000000000e+04,-1.72E+04,2.319340000000000013e-01,1.489699999999999913e-01,9.710324999999999207e+00,1.731900000000000000e+04,5.368841512739672661e+09,1.969240781599999900e+04,4.264099999999999835e-02,2.750390625000000000e+04,0
1.822593750000000057e+02,2.725713969999999790e+03,1.604200000000000000e+04,-1.59E+04,2.789309999999999845e-01,-1.78E-01,6.542397000000000240e+00,1.604200000000000000e+04,4.995099354184187889e+09,2.081206395400000110e+04,3.212500000000000078e-02,2.811328125000000000e+04,0
2.653807289999999739e+02,2.342190197999999782e+03,1.666600000000000000e+04,-1.60E+04,2.163090000000000013e-01,1.059989999999999960e-01,1.674453300000000056e+01,1.666600000000000000e+04,3.808848375036167145e+09,2.014818259799999942e+04,4.274900000000000228e-02,2.821875000000000000e+04,0
-1.73E+02,2.199560030000000097e+03,1.565800000000000000e+04,-1.55E+04,2.272949999999999970e-01,-1.84E-01,9.976172000000000040e+00,1.565800000000000000e+04,2.939089350359026909e+09,2.082334920100000090e+04,6.430700000000000305e-02,2.859375000000000000e+04,0
-7.51E+01,3.703853004000000055e+03,1.756400000000000000e+04,-1.93E+04,2.906489999999999907e-01,-6.00E-02,6.385366999999999571e+00,1.930200000000000000e+04,9.093305990598522186e+09,2.044493674200000169e+04,2.137599999999999917e-02,2.748046875000000000e+04,0
8.348333300000000179e+01,2.611315891000000192e+03,1.373200000000000000e+04,-1.55E+04,2.679440000000000155e-01,-6.78E-02,6.329295000000000115e+00,1.545800000000000000e+04,4.490311773491463661e+09,2.025880149600000004e+04,5.071200000000000013e-02,2.821875000000000000e+04,0
-7.80E+01,3.085322122000000036e+03,1.710700000000000000e+04,-1.72E+04,2.414550000000000030e-01,3.025399999999999756e-01,9.562659000000000020e+00,1.723700000000000000e+04,5.689289487642466545e+09,1.994815654599999834e+04,5.444999999999999840e-02,2.758593750000000000e+04,0
2.307369789999999909e+02,2.217173682000000099e+03,1.404000000000000000e+04,-1.37E+04,2.670899999999999941e-01,3.660100000000000020e-01,1.035182000000000002e+01,1.404000000000000000e+04,3.123234548978874207e+09,2.085409294999999838e+04,5.452100000000000002e-02,2.879296875000000000e+04,0
1.759968749999999886e+02,3.306730101000000104e+03,1.815100000000000000e+04,-1.69E+04,2.781980000000000008e-01,-4.31E-02,7.125331000000000081e+00,1.815100000000000000e+04,7.373269400056779861e+09,2.003731427199999962e+04,3.993200000000000222e-02,2.751562500000000000e+04,0
2.242572920000000067e+02,2.764512988999999834e+03,1.814600000000000000e+04,-1.88E+04,2.749019999999999797e-01,1.804599999999999954e-02,9.367288000000000281e+00,1.882700000000000000e+04,5.192606378697943687e+09,2.120329503499999919e+04,4.499399999999999927e-02,2.834765625000000000e+04,0
3.092578120000000013e+02,3.620402328000000125e+03,2.076000000000000000e+04,-2.01E+04,2.606200000000000183e-01,1.774119999999999864e-01,8.330311999999999273e+00,2.076000000000000000e+04,9.218200990111654282e+09,2.005665963700000066e+04,2.188299999999999967e-02,2.733984375000000000e+04,0
-1.94E+02,2.427675317000000177e+03,1.606400000000000000e+04,-1.84E+04,2.923580000000000068e-01,4.036300000000000304e-02,1.196638899999999950e+01,1.839100000000000000e+04,3.945349085886346817e+09,2.018140882599999895e+04,4.210300000000000153e-02,2.817187500000000000e+04,0
1.625359369999999899e+02,3.435344818000000032e+03,2.145200000000000000e+04,-1.92E+04,2.757569999999999744e-01,3.454299999999999732e-02,1.033359399999999972e+01,2.145200000000000000e+04,7.403279853048633575e+09,2.033263626600000134e+04,2.711399999999999921e-02,2.766796875000000000e+04,0
-3.35E+02,2.482115045000000009e+03,1.720400000000000000e+04,-1.61E+04,2.840579999999999772e-01,-3.71E-02,1.029152299999999975e+01,1.720400000000000000e+04,4.232606760665121078e+09,2.088943322199999966e+04,4.243000000000000244e-02,2.821875000000000000e+04,0
-1.20E+02,3.874812013000000206e+03,1.842200000000000000e+04,-1.99E+04,3.045649999999999746e-01,3.781500000000000139e-02,6.621799000000000213e+00,1.986400000000000000e+04,9.800280266805818558e+09,2.021441865300000063e+04,2.252200000000000035e-02,2.725781250000000000e+04,0
-7.47E+01,2.496561593999999786e+03,1.587300000000000000e+04,-1.73E+04,3.162840000000000096e-01,-1.48E-01,8.213229000000000113e+00,1.728400000000000000e+04,4.027650116455923080e+09,2.055449767399999837e+04,6.642399999999999693e-02,2.823046875000000000e+04,0
-3.69E+02,2.616639745999999832e+03,2.024400000000000000e+04,-1.92E+04,2.639159999999999839e-01,-2.88E-01,1.652656199999999842e+01,2.024400000000000000e+04,5.063366166155319214e+09,2.025405451499999981e+04,6.081299999999999900e-02,2.789062500000000000e+04,0
1.632811999999999930e+00,2.021979921999999988e+03,1.478300000000000000e+04,-1.55E+04,2.395019999999999927e-01,-5.61E-02,1.286835499999999932e+01,1.552400000000000000e+04,2.892067856309508801e+09,2.115843521200000032e+04,4.908799999999999969e-02,2.834765625000000000e+04,0
-5.72E+01,4.100632685999999921e+03,1.890100000000000000e+04,-1.67E+04,2.957759999999999834e-01,-1.53E-02,4.531219000000000108e+00,1.890100000000000000e+04,1.055770856748075485e+10,2.030577265800000168e+04,1.950899999999999856e-02,2.728125000000000000e+04,0
4.301406300000000016e+01,2.558213737000000037e+03,1.330100000000000000e+04,-1.55E+04,2.580569999999999808e-01,7.710400000000000587e-02,5.973648999999999987e+00,1.550100000000000000e+04,4.050886421889959812e+09,2.108152171900000030e+04,3.820400000000000185e-02,2.838281250000000000e+04,0
9.549218799999999874e+01,2.546100210000000061e+03,1.783800000000000000e+04,-1.43E+04,2.548830000000000262e-01,8.990499999999999881e-02,1.139371599999999951e+01,1.783800000000000000e+04,4.275882107297719955e+09,2.052893030500000168e+04,4.284700000000000314e-02,2.821875000000000000e+04,0
-2.12E+02,3.168509689999999864e+03,1.928000000000000000e+04,-2.13E+04,2.487790000000000001e-01,9.172199999999999798e-02,8.674148999999999887e+00,2.128100000000000000e+04,6.140954618944317818e+09,2.080319862600000124e+04,3.043399999999999925e-02,2.812500000000000000e+04,0
8.237343699999999558e+01,4.015916424000000006e+03,2.669900000000000000e+04,-2.26E+04,2.891850000000000254e-01,-1.43E-01,8.870537999999999812e+00,2.669900000000000000e+04,9.995582805035369873e+09,2.005535509499999898e+04,2.643399999999999916e-02,2.766796875000000000e+04,0
4.301312500000000227e+02,2.539144913999999972e+03,2.058300000000000000e+04,-2.20E+04,2.557369999999999921e-01,1.264649999999999941e-01,1.460860899999999951e+01,2.201700000000000000e+04,4.804084314572736740e+09,2.052256896699999925e+04,3.877900000000000097e-02,2.831250000000000000e+04,0
1.860317709999999920e+02,4.319112079999999878e+03,2.761200000000000000e+04,-2.64E+04,2.548830000000000262e-01,2.576320000000000277e-01,9.990919999999999135e+00,2.761200000000000000e+04,1.064555709834599113e+10,2.018506676700000025e+04,3.030100000000000154e-02,2.885156250000000000e+04,0
-2.65E+02,3.652927322000000004e+03,2.038500000000000000e+04,-2.21E+04,2.685549999999999882e-01,8.282399999999999485e-02,6.318444000000000393e+00,2.210100000000000000e+04,8.063148578732389450e+09,2.010425962300000174e+04,3.381300000000000278e-02,2.796093750000000000e+04,0
1.724416669999999954e+02,3.239241391000000021e+03,2.441900000000000000e+04,-2.04E+04,2.757569999999999744e-01,3.535780000000000034e-01,1.756422200000000089e+01,2.441900000000000000e+04,7.147462920365654945e+09,1.938327695300000050e+04,3.166800000000000170e-02,2.723437500000000000e+04,0
-3.01E+02,2.628890991000000213e+03,1.609200000000000000e+04,-2.17E+04,2.687990000000000101e-01,-5.21E-01,1.235768200000000050e+01,2.167200000000000000e+04,4.869421300250293732e+09,2.106119354699999894e+04,7.589999999999999525e-02,2.912109375000000000e+04,0
-4.91E+02,5.100527016000000003e+03,2.936000000000000000e+04,-2.58E+04,2.824710000000000276e-01,2.189100000000000074e-02,7.509286000000000350e+00,2.936000000000000000e+04,1.770348746577170944e+10,1.973650792500000171e+04,1.653400000000000009e-02,2.711718750000000000e+04,0
1.318098960000000091e+02,3.156113913000000139e+03,1.899100000000000000e+04,-1.66E+04,2.888180000000000192e-01,1.450700000000000080e-02,5.425125000000000419e+00,1.899100000000000000e+04,6.261675144756182671e+09,2.088475151199999891e+04,3.340499999999999720e-02,2.824218750000000000e+04,0
-3.09E+02,4.131595795999999609e+03,2.131400000000000000e+04,-2.95E+04,2.656250000000000000e-01,-2.38E-01,1.065246699999999969e+01,2.946800000000000000e+04,1.078924360168050385e+10,2.009606411300000036e+04,3.002700000000000161e-02,2.715234375000000000e+04,0
1.952447919999999897e+02,2.794592672000000221e+03,1.729400000000000000e+04,-1.98E+04,2.745360000000000023e-01,-1.26E-01,8.465130999999999517e+00,1.984700000000000000e+04,4.637803899838520050e+09,2.100592122699999891e+04,4.320999999999999841e-02,2.820703125000000000e+04,0
2.952135399999999876e+01,4.070767222999999831e+03,2.915000000000000000e+04,-2.26E+04,2.806400000000000006e-01,4.786300000000000276e-02,9.535484999999999545e+00,2.915000000000000000e+04,1.181093074532122040e+10,2.032099176699999953e+04,1.966000000000000039e-02,2.744531250000000000e+04,0
-1.26E+02,2.509149107000000186e+03,1.689100000000000000e+04,-1.56E+04,2.692869999999999986e-01,8.693199999999999539e-02,1.040312300000000079e+01,1.689100000000000000e+04,4.479660906494021416e+09,2.058990255500000058e+04,3.325299999999999784e-02,2.804296875000000000e+04,0
9.106249999999999289e+00,4.098640972000000147e+03,2.273300000000000000e+04,-2.04E+04,2.640379999999999949e-01,-6.63E-02,7.577117999999999576e+00,2.273300000000000000e+04,1.079458188385187149e+10,2.027301649900000120e+04,2.812800000000000022e-02,2.731640625000000000e+04,0
-2.51E+02,2.737159204000000045e+03,1.923000000000000000e+04,-1.81E+04,2.734380000000000144e-01,-2.89E-02,9.633397999999999683e+00,1.923000000000000000e+04,3.990638094358804226e+09,2.072006218900000022e+04,4.627400000000000263e-02,2.847656250000000000e+04,0
-1.68E+02,3.069867972000000009e+03,2.342100000000000000e+04,-2.40E+04,2.778320000000000234e-01,2.742870000000000030e-01,1.720621799999999979e+01,2.398600000000000000e+04,6.675206603325794220e+09,2.059567221699999936e+04,3.856799999999999812e-02,2.772656250000000000e+04,0
-1.65E+01,2.687808074000000033e+03,1.766500000000000000e+04,-2.07E+04,3.076169999999999738e-01,4.481500000000000067e-02,8.943557000000000201e+00,2.068100000000000000e+04,5.016330665286835670e+09,2.127417051300000094e+04,5.832600000000000284e-02,2.875781250000000000e+04,0
-2.34E+02,4.286798375000000306e+03,2.459300000000000000e+04,-2.68E+04,2.572019999999999862e-01,1.682700000000000168e-02,9.096856999999999971e+00,2.681100000000000000e+04,1.165005464718029594e+10,1.992039443699999902e+04,2.261300000000000116e-02,2.724609375000000000e+04,0
-5.12E+00,2.815252859000000171e+03,1.843800000000000000e+04,-1.68E+04,3.228759999999999963e-01,-9.03E-02,9.430695999999999302e+00,1.843800000000000000e+04,5.307712353889687538e+09,2.075588715400000001e+04,4.175000000000000239e-02,2.804296875000000000e+04,0
-1.02E+02,3.810196711999999934e+03,2.204000000000000000e+04,-2.48E+04,2.993160000000000265e-01,9.600000000000000243e-04,1.110047800000000073e+01,2.483400000000000000e+04,9.389165966652599335e+09,2.006480876400000125e+04,3.717299999999999771e-02,2.717578125000000000e+04,0
-5.32E+01,2.650822490000000016e+03,1.350800000000000000e+04,-1.39E+04,2.766109999999999958e-01,2.386399999999999910e-01,5.006867999999999874e+00,1.394000000000000000e+04,4.912602514653166771e+09,2.032057181900000069e+04,3.626399999999999763e-02,2.791406250000000000e+04,0
3.347395999999999816e+00,2.396255684000000201e+03,1.640400000000000000e+04,-1.87E+04,2.449949999999999906e-01,4.131949999999999790e-01,1.563617299999999943e+01,1.873700000000000000e+04,3.976742832422836781e+09,2.023560763099999895e+04,5.017200000000000132e-02,2.784375000000000000e+04,0
-1.10E+02,2.494572047999999995e+03,1.338300000000000000e+04,-1.36E+04,3.142090000000000161e-01,2.001700000000000007e-02,6.270805000000000184e+00,1.364300000000000000e+04,3.690080838135091782e+09,2.047858191200000147e+04,6.422700000000000631e-02,2.853515625000000000e+04,0
6.083802099999999768e+01,3.323689898000000085e+03,1.984000000000000000e+04,-1.72E+04,3.001710000000000211e-01,3.205310000000000104e-01,9.212668000000000745e+00,1.984000000000000000e+04,7.762977150729861259e+09,1.977860793199999898e+04,3.248600000000000099e-02,2.736328125000000000e+04,0
-4.94E+01,2.008672665999999936e+03,1.061300000000000000e+04,-1.21E+04,2.910159999999999969e-01,3.035080000000000000e-01,6.219094000000000122e+00,1.207600000000000000e+04,2.786416133288109779e+09,2.051291967199999999e+04,6.206500000000000211e-02,2.851171875000000000e+04,0
-1.70E+02,3.707936740999999984e+03,2.040200000000000000e+04,-1.91E+04,2.742919999999999803e-01,-2.68E-02,7.010580000000000034e+00,2.040200000000000000e+04,8.732962017917699814e+09,2.031044813499999873e+04,2.204499999999999862e-02,2.737500000000000000e+04,0
-3.25E+01,2.402509149999999863e+03,1.306700000000000000e+04,-1.44E+04,2.741700000000000248e-01,9.258399999999999963e-02,5.725405000000000300e+00,1.436800000000000000e+04,3.673488446524871826e+09,2.101036610899999869e+04,4.172100000000000114e-02,2.830078125000000000e+04,0
6.629947900000000516e+01,2.668516625000000204e+03,1.808700000000000000e+04,-2.08E+04,2.736819999999999808e-01,2.563070000000000070e-01,1.358088000000000051e+01,2.084600000000000000e+04,4.442826298247624397e+09,2.030271289899999829e+04,6.442299999999999416e-02,2.847656250000000000e+04,0
-5.19E+01,2.484693326999999954e+03,1.391300000000000000e+04,-1.28E+04,2.760009999999999963e-01,-1.21E-01,6.659138999999999697e+00,1.391300000000000000e+04,4.022191151470270157e+09,2.073861121999999887e+04,5.212100000000000066e-02,2.808984375000000000e+04,0
5.805104200000000247e+01,3.185947990000000118e+03,1.823100000000000000e+04,-2.05E+04,2.706299999999999817e-01,5.436999999999999993e-03,9.676379000000000730e+00,2.046300000000000000e+04,7.137426690538119316e+09,2.001640065099999993e+04,2.394800000000000054e-02,2.744531250000000000e+04,0
3.692395799999999895e+01,3.063948049999999967e+03,1.493300000000000000e+04,-1.71E+04,2.813720000000000110e-01,-5.52E-02,5.044036000000000186e+00,1.711200000000000000e+04,6.039468706217668533e+09,2.047396768399999928e+04,3.426799999999999985e-02,2.794921875000000000e+04,0
-2.63E+01,3.648657076999999845e+03,1.973200000000000000e+04,-1.95E+04,2.675779999999999825e-01,-1.82E-02,8.962467999999999435e+00,1.973200000000000000e+04,7.596094804801976204e+09,2.024493068700000003e+04,5.011100000000000276e-02,2.764453125000000000e+04,0
1.750177079999999989e+02,2.866335959000000003e+03,1.611900000000000000e+04,-1.50E+04,2.585450000000000248e-01,-8.78E-02,6.360937999999999981e+00,1.611900000000000000e+04,5.092399619405132294e+09,2.145741619599999831e+04,3.652600000000000291e-02,2.821875000000000000e+04,0
-4.49E+01,4.172019237999999859e+03,2.340600000000000000e+04,-2.45E+04,2.758789999999999853e-01,2.566600000000000131e-02,9.338991999999999294e+00,2.447500000000000000e+04,1.202178388035853958e+10,2.019762329699999827e+04,3.624200000000000338e-02,2.719921875000000000e+04,0
2.710364600000000124e+01,2.846841009000000213e+03,1.533700000000000000e+04,-1.79E+04,3.087159999999999904e-01,-8.32E-02,6.697345999999999577e+00,1.788700000000000000e+04,5.489951712645462990e+09,2.051886428800000067e+04,5.295199999999999907e-02,2.808984375000000000e+04,0
1.999942709999999977e+02,3.325171521000000212e+03,1.968000000000000000e+04,-2.40E+04,2.390140000000000042e-01,-1.25E-01,1.166133699999999962e+01,2.400600000000000000e+04,7.292504570875974655e+09,2.094269910600000003e+04,4.857399999999999912e-02,2.814843750000000000e+04,0
-9.23E+01,2.457136786999999913e+03,1.535700000000000000e+04,-1.43E+04,2.825929999999999831e-01,-1.83E-01,8.692073999999999856e+00,1.535700000000000000e+04,3.952568940922276020e+09,2.023795397700000103e+04,4.965599999999999875e-02,2.805468750000000000e+04,0
1.076281249999999972e+02,4.080677216999999928e+03,2.046000000000000000e+04,-2.66E+04,2.930909999999999904e-01,-2.75E-01,8.134741000000000000e+00,2.656900000000000000e+04,1.085650220427786255e+10,1.997732341799999995e+04,3.062700000000000145e-02,2.722265625000000000e+04,0
-1.45E+02,2.838181339000000207e+03,1.496000000000000000e+04,-1.46E+04,3.068850000000000189e-01,4.864899999999999780e-02,5.231143000000000320e+00,1.496000000000000000e+04,5.149690006158287048e+09,2.055183459900000162e+04,4.612399999999999833e-02,2.828906250000000000e+04,0
3.888072900000000232e+01,3.626046418999999787e+03,2.401700000000000000e+04,-1.86E+04,2.801509999999999834e-01,9.380299999999999749e-02,9.143110000000000070e+00,2.401700000000000000e+04,8.636218029983169556e+09,1.989560469200000080e+04,2.679399999999999837e-02,2.739843750000000000e+04,0
3.523703130000000101e+02,2.387112778000000162e+03,1.600300000000000000e+04,-1.36E+04,2.939450000000000118e-01,4.249290000000000012e-01,8.685988000000000042e+00,1.600300000000000000e+04,4.197034907120752811e+09,2.099272630600000048e+04,6.412299999999999944e-02,2.840625000000000000e+04,0
2.854927079999999933e+02,2.404870539000000008e+03,1.394300000000000000e+04,-1.73E+04,2.692869999999999986e-01,-1.25E-01,9.376963999999999189e+00,1.730600000000000000e+04,4.185700482764017105e+09,2.090861017999999967e+04,4.109399999999999858e-02,2.832421875000000000e+04,0
2.744635399999999947e+01,3.102910710999999992e+03,1.735000000000000000e+04,-1.53E+04,3.295899999999999941e-01,-1.02E-01,5.790579000000000143e+00,1.735000000000000000e+04,5.974994139816146851e+09,2.078963577699999951e+04,4.229999999999999732e-02,2.800781250000000000e+04,0
3.725270830000000046e+02,3.678761621999999988e+03,2.119200000000000000e+04,-2.16E+04,2.667240000000000166e-01,1.485730000000000106e-01,8.428793999999999897e+00,2.155600000000000000e+04,9.692172505529266357e+09,2.020239490300000034e+04,4.713200000000000028e-02,2.718750000000000000e+04,0
-2.66E+02,1.938543445000000020e+03,1.330200000000000000e+04,-1.49E+04,2.708740000000000037e-01,1.635479999999999989e-01,1.184865800000000036e+01,1.493500000000000000e+04,2.698309772328414917e+09,2.079021868299999915e+04,6.831500000000000072e-02,2.850000000000000000e+04,0
1.259723960000000034e+02,4.154363707999999860e+03,1.870000000000000000e+04,-1.99E+04,2.904050000000000242e-01,-3.34E-02,5.640126000000000417e+00,1.991500000000000000e+04,1.142460235315983963e+10,2.015413700199999948e+04,2.161099999999999827e-02,2.735156250000000000e+04,0
-3.19E+02,2.972131571999999778e+03,1.834900000000000000e+04,-1.61E+04,2.828370000000000051e-01,1.325290000000000079e-01,6.637846999999999831e+00,1.834900000000000000e+04,5.582016761700499535e+09,2.105070063400000072e+04,3.510900000000000132e-02,2.823046875000000000e+04,0
-2.17E+02,2.761245022000000063e+03,1.844100000000000000e+04,-1.70E+04,2.321779999999999955e-01,7.375099999999999711e-02,1.300751299999999944e+01,1.844100000000000000e+04,4.794281245452904701e+09,2.063160785499999838e+04,5.697300000000000281e-02,2.901562500000000000e+04,0
-4.03E+01,2.409078360999999859e+03,1.770900000000000000e+04,-2.06E+04,2.851560000000000206e-01,-3.75E-01,1.549558200000000063e+01,2.062700000000000000e+04,3.619078054882370949e+09,2.117923693999999887e+04,6.531299999999999606e-02,2.900390625000000000e+04,0
-2.93E+02,3.413733107999999902e+03,1.838400000000000000e+04,-1.79E+04,2.656250000000000000e-01,1.204700000000000042e-02,8.637259999999999494e+00,1.838400000000000000e+04,8.402682084424260139e+09,2.030535123200000089e+04,2.368400000000000019e-02,2.758593750000000000e+04,0
1.822651040000000080e+02,3.035557304999999815e+03,1.728400000000000000e+04,-1.99E+04,2.818599999999999994e-01,1.265969999999999873e-01,7.478650000000000020e+00,1.985000000000000000e+04,6.284051921197723389e+09,2.099837828599999921e+04,3.700200000000000017e-02,2.810156250000000000e+04,0
1.266322920000000067e+02,4.097753144999999677e+03,2.177900000000000000e+04,-2.18E+04,2.447509999999999963e-01,-5.36E-02,7.515482999999999691e+00,2.184400000000000000e+04,1.050138507906674767e+10,2.030529823499999839e+04,4.123600000000000182e-02,2.750390625000000000e+04,0
5.632968699999999984e+01,2.613300859999999830e+03,1.557000000000000000e+04,-1.64E+04,3.182369999999999921e-01,1.204350000000000004e-01,7.937554999999999694e+00,1.637400000000000000e+04,3.807907315834025860e+09,2.163372546800000055e+04,4.636900000000000049e-02,2.885156250000000000e+04,0
2.092328119999999956e+02,3.465555788000000121e+03,2.296700000000000000e+04,-2.11E+04,2.969970000000000110e-01,3.857000000000000012e-02,1.102101099999999967e+01,2.296700000000000000e+04,8.597556773263902664e+09,2.061939148600000044e+04,3.650300000000000072e-02,2.770312500000000000e+04,0
-2.54E+01,2.623520696999999927e+03,1.659500000000000000e+04,-1.92E+04,3.087159999999999904e-01,-3.38E-01,8.967465000000000686e+00,1.916800000000000000e+04,4.885102008521636963e+09,2.041060428999999931e+04,3.831600000000000283e-02,2.811328125000000000e+04,0
-8.66E+01,4.159773336000000199e+03,1.924700000000000000e+04,-2.47E+04,2.852779999999999760e-01,-1.65E-01,6.428919999999999746e+00,2.471100000000000000e+04,9.828786422933561325e+09,2.064602002799999900e+04,2.564400000000000013e-02,2.787890625000000000e+04,0
8.546197899999999947e+01,3.061715051000000130e+03,1.749500000000000000e+04,-2.12E+04,3.009029999999999760e-01,-1.86E-01,7.588349000000000011e+00,2.120000000000000000e+04,5.612986316319476128e+09,2.113037777400000050e+04,4.486500000000000210e-02,2.830078125000000000e+04,0
7.631562499999999716e+01,2.963352119000000130e+03,2.070200000000000000e+04,-2.08E+04,3.081050000000000177e-01,-1.93E-01,1.369596199999999975e+01,2.075600000000000000e+04,6.009296515245453835e+09,2.011531517399999939e+04,4.840200000000000058e-02,2.770312500000000000e+04,0
-4.21E+01,2.203102675999999974e+03,1.429700000000000000e+04,-1.67E+04,3.131099999999999994e-01,2.234939999999999982e-01,1.132357499999999995e+01,1.667300000000000000e+04,3.346211654934780121e+09,2.141986345300000175e+04,5.484599999999999892e-02,2.828906250000000000e+04,0
-7.65E+00,4.055587731000000076e+03,1.973200000000000000e+04,-2.00E+04,2.811279999999999890e-01,-5.02E-02,5.843249000000000137e+00,1.998200000000000000e+04,1.064732462663796234e+10,2.014079795799999920e+04,2.696099999999999886e-02,2.737500000000000000e+04,0
2.748197920000000067e+02,2.343064958999999817e+03,1.720200000000000000e+04,-1.65E+04,2.760009999999999963e-01,-1.82E-01,1.060612700000000075e+01,1.720200000000000000e+04,3.951739317466763973e+09,2.125116234500000064e+04,4.789199999999999707e-02,2.864062500000000000e+04,0
-5.07E+01,4.383497621000000436e+03,3.578100000000000000e+04,-3.98E+04,2.894289999999999918e-01,8.855200000000000571e-02,2.142198499999999939e+01,3.975000000000000000e+04,1.380950815291831779e+10,2.061664875599999868e+04,5.446100000000000246e-02,2.807812500000000000e+04,0
1.813484369999999899e+02,2.265570644999999786e+03,1.852500000000000000e+04,-1.26E+04,2.220459999999999934e-01,3.409209999999999741e-01,1.084389799999999937e+01,1.852500000000000000e+04,3.186849056138679028e+09,2.010311883300000045e+04,4.372199999999999698e-02,2.817187500000000000e+04,0
9.811354199999999537e+01,3.533133040000000165e+03,2.177700000000000000e+04,-1.97E+04,2.760009999999999963e-01,8.684899999999999565e-02,1.080866600000000055e+01,2.177700000000000000e+04,8.736572166540538788e+09,2.014914131300000008e+04,2.090099999999999944e-02,2.732812500000000000e+04,0
2.295531249999999943e+02,2.171321691999999985e+03,1.580900000000000000e+04,-1.96E+04,2.572019999999999862e-01,-5.02E-01,1.714538399999999996e+01,1.958000000000000000e+04,3.392368471674087048e+09,2.032129363000000012e+04,5.811800000000000299e-02,2.820703125000000000e+04,0
4.144317710000000261e+02,3.502597048999999970e+03,2.286100000000000000e+04,-1.98E+04,2.070309999999999928e-01,-1.30E-01,1.066002800000000050e+01,2.286100000000000000e+04,7.390042169215575218e+09,1.951190127600000051e+04,2.759700000000000000e-02,2.752734375000000000e+04,0
-1.62E+02,2.672910835000000134e+03,1.652500000000000000e+04,-1.75E+04,2.700199999999999823e-01,-4.52E-01,7.645827999999999847e+00,1.753900000000000000e+04,4.446243167436223030e+09,2.102271757300000172e+04,3.311100000000000154e-02,2.820703125000000000e+04,0
2.692604199999999892e+01,2.813665609000000131e+03,1.777200000000000000e+04,-2.29E+04,2.281489999999999907e-01,-7.45E-01,1.768092299999999994e+01,2.293300000000000000e+04,4.954606160581301689e+09,1.944940920900000128e+04,4.365299999999999736e-02,2.806640625000000000e+04,0
-1.90E+02,2.089571809999999914e+03,1.489400000000000000e+04,-1.98E+04,2.806400000000000006e-01,-2.63E-01,1.750646800000000169e+01,1.978100000000000000e+04,2.728272281692154884e+09,2.040679104200000074e+04,5.324700000000000266e-02,2.878125000000000000e+04,0
-9.58E+01,2.668087994999999864e+03,1.769900000000000000e+04,-1.79E+04,2.564699999999999758e-01,-1.09E-01,1.406781800000000082e+01,1.788500000000000000e+04,5.117637991106002808e+09,2.098648276199999964e+04,2.860499999999999848e-02,2.817187500000000000e+04,0
-2.19E+02,2.671892118000000210e+03,1.721700000000000000e+04,-2.17E+04,2.723389999999999977e-01,2.995300000000000046e-02,1.101307899999999940e+01,2.166100000000000000e+04,5.073600079215071678e+09,2.109076615300000049e+04,2.964500000000000121e-02,2.806640625000000000e+04,0
7.728125000000000355e+00,3.527798685000000205e+03,2.127700000000000000e+04,-2.58E+04,2.829590000000000161e-01,-2.05E-01,1.324760599999999933e+01,2.583600000000000000e+04,7.542973666560870171e+09,1.997865700500000094e+04,2.570899999999999921e-02,2.736328125000000000e+04,0
1.402041670000000124e+02,2.228898137000000133e+03,1.457800000000000000e+04,-1.27E+04,2.830810000000000271e-01,1.498329999999999940e-01,1.006126800000000010e+01,1.457800000000000000e+04,2.739692186735155106e+09,2.104699139899999864e+04,4.885199999999999959e-02,2.850000000000000000e+04,0
-1.56E+02,2.928948776000000180e+03,2.134700000000000000e+04,-2.22E+04,2.285159999999999969e-01,3.428900000000000003e-02,2.018511700000000175e+01,2.220100000000000000e+04,6.150810298022093773e+09,2.011160448199999882e+04,2.839500000000000010e-02,2.749218750000000000e+04,0
4.536583330000000274e+02,2.312739963999999873e+03,2.074500000000000000e+04,-1.71E+04,2.416989999999999972e-01,7.037799999999999612e-02,1.420439400000000063e+01,2.074500000000000000e+04,3.973480330448146820e+09,2.023170121500000096e+04,6.047399999999999998e-02,2.859375000000000000e+04,0
3.144098960000000034e+02,3.399333698999999797e+03,2.617500000000000000e+04,-2.14E+04,2.598880000000000079e-01,2.629070000000000018e-01,1.288615099999999991e+01,2.617500000000000000e+04,6.385958489345032692e+09,2.021710563099999854e+04,3.042900000000000119e-02,2.820703125000000000e+04,0
-3.66E+01,5.137686635000000024e+03,4.366000000000000000e+04,-3.23E+04,2.857669999999999932e-01,9.054399999999999948e-02,1.340221099999999943e+01,4.366000000000000000e+04,1.601037289910794640e+10,2.139723256400000173e+04,6.076000000000000151e-02,2.845312500000000000e+04,0
2.932343750000000000e+02,2.682925364000000172e+03,1.912200000000000000e+04,-2.19E+04,2.418210000000000082e-01,-4.82E-01,1.954969900000000038e+01,2.188200000000000000e+04,4.964657562601136208e+09,2.091230292099999861e+04,1.338370000000000115e-01,3.002343750000000000e+04,0
-3.16E+02,5.461044374000000062e+03,4.748900000000000000e+04,-3.72E+04,3.327640000000000042e-01,4.113149999999999862e-01,1.402774800000000077e+01,4.748900000000000000e+04,2.005676982639466095e+10,2.162228785499999867e+04,5.936400000000000010e-02,2.851171875000000000e+04,0
-2.43E+02,8.528662659999999960e+03,5.453700000000000000e+04,-5.55E+04,3.109129999999999949e-01,2.496879999999999933e-01,1.343074499999999993e+01,5.546000000000000000e+04,4.686900807393080902e+10,1.984279632700000002e+04,1.814999999999999947e-02,2.723437500000000000e+04,0
1.619328130000000101e+02,4.628642437999999856e+03,3.454800000000000000e+04,-3.13E+04,2.796629999999999949e-01,2.931150000000000144e-01,1.457441200000000059e+01,3.454800000000000000e+04,1.480082907553682518e+10,2.073767303900000115e+04,3.284600000000000020e-02,2.798437500000000000e+04,0
1.965989599999999982e+01,4.362901047000000290e+03,4.000900000000000000e+04,-3.74E+04,2.666020000000000056e-01,6.999769999999999603e-01,2.629527699999999868e+01,4.000900000000000000e+04,1.206364385907460022e+10,2.036017256300000008e+04,4.645099999999999923e-02,2.818359375000000000e+04,0
-1.85E+02,5.921917136000000028e+03,3.476700000000000000e+04,-3.41E+04,2.980960000000000276e-01,-5.42E-02,8.574616000000000682e+00,3.476700000000000000e+04,2.028269838306609726e+10,1.958503366599999936e+04,4.227100000000000302e-02,2.775000000000000000e+04,0
-9.88E+01,4.910357834000000366e+03,4.747700000000000000e+04,-4.79E+04,2.670899999999999941e-01,3.437200000000000255e-01,3.681430199999999786e+01,4.789400000000000000e+04,1.688535644771719551e+10,1.980875071899999966e+04,8.993600000000000205e-02,2.776171875000000000e+04,0
-1.38E+02,5.413881986999999754e+03,3.935300000000000000e+04,-3.78E+04,3.162840000000000096e-01,-1.02E-01,1.511103999999999914e+01,3.935300000000000000e+04,2.057103181862224960e+10,2.038855252699999983e+04,4.429400000000000004e-02,2.801953125000000000e+04,0
-3.19E+02,9.642173149000000194e+03,5.931700000000000000e+04,-5.22E+04,2.957759999999999834e-01,2.617500000000000035e-02,9.373416000000000636e+00,5.931700000000000000e+04,5.451613010728514099e+10,1.921473819699999876e+04,2.682400000000000062e-02,2.702343750000000000e+04,0
-2.33E+02,1.536191278999999895e+03,8.137000000000000000e+03,-9.15E+03,2.636720000000000175e-01,-9.01E-02,8.684243999999999630e+00,9.146000000000000000e+03,1.615229051258830070e+09,2.037030605500000092e+04,8.015799999999999315e-02,2.865234375000000000e+04,0
-2.13E+02,4.422857085999999981e+03,4.438400000000000000e+04,-3.88E+04,2.679440000000000155e-01,5.035039999999999516e-01,2.995615000000000094e+01,4.438400000000000000e+04,1.338133606188857841e+10,2.022599632199999905e+04,1.141139999999999932e-01,2.879296875000000000e+04,0
1.583062500000000057e+02,1.552934439000000111e+03,1.057400000000000000e+04,-1.08E+04,2.355959999999999999e-01,-2.40E-01,1.004222000000000037e+01,1.077500000000000000e+04,1.642307377343281984e+09,2.046606354199999987e+04,5.696099999999999774e-02,2.851171875000000000e+04,0
-2.43E+02,1.909643683000000010e+03,1.356300000000000000e+04,-1.23E+04,2.730710000000000082e-01,-8.61E-02,1.386924499999999938e+01,1.356300000000000000e+04,2.645789026228888988e+09,2.033234178299999985e+04,4.218500000000000028e-02,2.825390625000000000e+04,0
-2.29E+02,1.772485752000000048e+03,1.122800000000000000e+04,-1.10E+04,2.678220000000000045e-01,-8.96E-02,8.368494000000000099e+00,1.122800000000000000e+04,1.973685660545253992e+09,1.990335244999999850e+04,5.641499999999999987e-02,2.859375000000000000e+04,0
1.773239580000000046e+02,1.966234220999999934e+03,1.567900000000000000e+04,-1.18E+04,2.214359999999999939e-01,-1.02E-01,1.398902499999999982e+01,1.567900000000000000e+04,2.253712709706822872e+09,1.969235326799999893e+04,5.864400000000000168e-02,2.859375000000000000e+04,0
-2.24E+02,1.649653796000000057e+03,1.026000000000000000e+04,-1.00E+04,2.282710000000000017e-01,2.398440000000000016e-01,8.802834000000000714e+00,1.026000000000000000e+04,1.544711050584111929e+09,1.977346595000000161e+04,7.998500000000000054e-02,2.869921875000000000e+04,0
-9.10E+01,2.307182377000000088e+03,1.827800000000000000e+04,-1.46E+04,2.178960000000000063e-01,-2.43E-01,1.196849300000000049e+01,1.827800000000000000e+04,3.739917684126535892e+09,1.909571523000000161e+04,7.128900000000000514e-02,2.825390625000000000e+04,0
1.350598960000000091e+02,1.718209804999999960e+03,1.145000000000000000e+04,-1.18E+04,2.871090000000000031e-01,4.462499999999999800e-02,1.044102400000000053e+01,1.175000000000000000e+04,2.038100580196427107e+09,1.989277635899999950e+04,4.882199999999999734e-02,2.821875000000000000e+04,0
-2.89E+02,2.297209977999999865e+03,1.776000000000000000e+04,-1.70E+04,2.011719999999999897e-01,1.542469999999999952e-01,1.423529199999999939e+01,1.776000000000000000e+04,3.432064700992309093e+09,1.940520318499999848e+04,3.994500000000000134e-02,2.757421875000000000e+04,0
1.761036459999999977e+02,1.754937380000000076e+03,1.058600000000000000e+04,-1.14E+04,2.381590000000000096e-01,2.442340000000000066e-01,9.539104999999999279e+00,1.139800000000000000e+04,1.977631860530067921e+09,2.037037066399999821e+04,5.881200000000000316e-02,2.839453125000000000e+04,0
2.220755210000000091e+02,2.349280604999999923e+03,1.771300000000000000e+04,-1.65E+04,2.441409999999999969e-01,3.040900000000000269e-01,1.349863399999999913e+01,1.771300000000000000e+04,3.694084452500538826e+09,1.951483577299999888e+04,4.609400000000000303e-02,2.759765625000000000e+04,0
1.174338539999999966e+02,1.704380893000000015e+03,1.218500000000000000e+04,-9.72E+03,2.749019999999999797e-01,2.231569999999999943e-01,1.171501800000000060e+01,1.218500000000000000e+04,1.907119788756771088e+09,2.078277910500000144e+04,5.420200000000000018e-02,2.824218750000000000e+04,0
3.568177099999999768e+01,2.242204510999999911e+03,1.624000000000000000e+04,-1.36E+04,2.465819999999999956e-01,5.348000000000000323e-03,1.276257400000000075e+01,1.624000000000000000e+04,3.590626124218955994e+09,2.014212519700000121e+04,3.533399999999999735e-02,2.772656250000000000e+04,0
2.819270799999999966e+01,2.308372165000000223e+03,1.278800000000000000e+04,-1.15E+04,2.413329999999999920e-01,4.153370000000000117e-01,6.609215999999999980e+00,1.278800000000000000e+04,3.771180077806824207e+09,1.925897855400000117e+04,5.772399999999999753e-02,2.883984375000000000e+04,0
-2.86E+02,2.078753646000000117e+03,1.498000000000000000e+04,-1.49E+04,2.133790000000000131e-01,1.870979999999999865e-01,1.413634500000000038e+01,1.498000000000000000e+04,3.147299220851586819e+09,2.001813354800000161e+04,6.421200000000000518e-02,2.848828125000000000e+04,0
-1.37E+02,2.623231980999999905e+03,1.352700000000000000e+04,-1.29E+04,2.210689999999999877e-01,6.806800000000000350e-02,4.927696000000000076e+00,1.352700000000000000e+04,4.232757074404458046e+09,2.010957803300000160e+04,5.196100000000000024e-02,2.835937500000000000e+04,0
5.557812000000000197e+00,3.638659966000000168e+03,1.739400000000000000e+04,-1.68E+04,2.602539999999999853e-01,1.457710000000000117e-01,6.520399000000000278e+00,1.739400000000000000e+04,9.175374394935611725e+09,1.917317017499999929e+04,3.537499999999999672e-02,2.738671875000000000e+04,0
8.084218699999999558e+01,2.186456572000000051e+03,1.235400000000000000e+04,-1.13E+04,2.507320000000000104e-01,-1.23E-01,7.925017000000000422e+00,1.235400000000000000e+04,3.375492695308024883e+09,2.038763367600000129e+04,5.688300000000000300e-02,2.892187500000000000e+04,0
-1.80E+02,3.645323897000000215e+03,1.908700000000000000e+04,-1.88E+04,2.648929999999999896e-01,-1.52E-02,6.471915000000000084e+00,1.908700000000000000e+04,8.726132672270341873e+09,2.011530144600000131e+04,2.148800000000000016e-02,2.773828125000000000e+04,0
1.054932289999999995e+02,2.757048087000000123e+03,1.549600000000000000e+04,-1.45E+04,2.888180000000000192e-01,1.518039999999999945e-01,6.197034000000000376e+00,1.549600000000000000e+04,4.761535238183134079e+09,2.000757595099999889e+04,3.305799999999999711e-02,2.834765625000000000e+04,0
3.070796869999999785e+02,3.260993140000000039e+03,1.991200000000000000e+04,-2.16E+04,2.426760000000000028e-01,-1.65E-01,1.127161899999999939e+01,2.162300000000000000e+04,6.793833102041787148e+09,1.972310436499999923e+04,3.146899999999999697e-02,2.765625000000000000e+04,0
-2.20E+02,2.230729640000000018e+03,1.465400000000000000e+04,-1.59E+04,2.645259999999999834e-01,-4.05E-01,9.942384999999999806e+00,1.592100000000000000e+04,3.250578243256536961e+09,2.013981674199999907e+04,5.199999999999999761e-02,2.859375000000000000e+04,0
1.565328130000000044e+02,3.727984817000000021e+03,2.377300000000000000e+04,-1.86E+04,2.720949999999999758e-01,2.334870000000000001e-01,8.566176999999999708e+00,2.377300000000000000e+04,9.891967191890207291e+09,1.956517567200000121e+04,1.700199999999999975e-02,2.756250000000000000e+04,0
-7.16E+01,2.381988576000000194e+03,1.348800000000000000e+04,-1.49E+04,2.883299999999999752e-01,6.635000000000000273e-03,6.179236999999999647e+00,1.493900000000000000e+04,3.774341757487942219e+09,2.032258221499999854e+04,4.098799999999999666e-02,2.874609375000000000e+04,0
-2.05E+02,3.376612806000000091e+03,2.050800000000000000e+04,-2.34E+04,2.783200000000000118e-01,-1.27E-01,9.584680000000000533e+00,2.339500000000000000e+04,6.673774483746718407e+09,2.005120270700000037e+04,3.388100000000000139e-02,2.775000000000000000e+04,0
1.229515619999999956e+02,2.393144783000000189e+03,1.269900000000000000e+04,-1.47E+04,2.124020000000000075e-01,-3.36E-01,6.210276000000000352e+00,1.465400000000000000e+04,3.322233386567830086e+09,1.945165308799999912e+04,7.659199999999999342e-02,2.857031250000000000e+04,0
1.143593699999999913e+01,3.369758609999999862e+03,1.767900000000000000e+04,-1.90E+04,2.523190000000000155e-01,-3.53E-01,8.945717000000000141e+00,1.901700000000000000e+04,7.759714205271640778e+09,1.943112806300000011e+04,2.415000000000000133e-02,2.758593750000000000e+04,0
2.016817709999999977e+02,2.240583255999999892e+03,1.578600000000000000e+04,-1.38E+04,2.479250000000000065e-01,2.600480000000000014e-01,7.170168000000000319e+00,1.578600000000000000e+04,3.466168782736426830e+09,1.960879518299999836e+04,4.069899999999999907e-02,2.838281250000000000e+04,0
1.104359369999999956e+02,3.096529234999999971e+03,2.030600000000000000e+04,-1.74E+04,2.105710000000000082e-01,-1.62E-01,9.071170999999999651e+00,2.030600000000000000e+04,6.114740821299826622e+09,1.942375940899999841e+04,6.495299999999999685e-02,2.767968750000000000e+04,0
-2.59E+01,2.082217110000000048e+03,1.541600000000000000e+04,-1.45E+04,2.102050000000000030e-01,4.378580000000000250e-01,1.256401199999999996e+01,1.541600000000000000e+04,2.414140784215116978e+09,1.995929426700000113e+04,5.827999999999999847e-02,2.893359375000000000e+04,0
1.124989580000000018e+02,2.763876227000000199e+03,2.037300000000000000e+04,-1.68E+04,2.822270000000000056e-01,2.878830000000000000e-01,1.202658899999999953e+01,2.037300000000000000e+04,5.262663264830365181e+09,1.972781478699999934e+04,4.166399999999999965e-02,2.777343750000000000e+04,0
-2.98E+02,2.577875100000000202e+03,1.551800000000000000e+04,-1.54E+04,2.614750000000000130e-01,2.336900000000000088e-02,6.024175999999999753e+00,1.551800000000000000e+04,4.453591921464142799e+09,2.051540957999999955e+04,5.368200000000000055e-02,2.854687500000000000e+04,0
-1.56E+02,3.316814459000000170e+03,1.982200000000000000e+04,-1.78E+04,2.255860000000000087e-01,2.916520000000000223e-01,9.392341999999999302e+00,1.982200000000000000e+04,7.124966994997444153e+09,1.930650508400000035e+04,2.308100000000000082e-02,2.776171875000000000e+04,0
-1.74E+02,2.327051480000000083e+03,1.527200000000000000e+04,-1.77E+04,2.583010000000000028e-01,5.422960000000000003e-01,1.319183499999999931e+01,1.769900000000000000e+04,2.774868660964363098e+09,2.068561905100000149e+04,5.298200000000000132e-02,2.842968750000000000e+04,0
-1.54E+02,3.120969840000000204e+03,1.516300000000000000e+04,-1.53E+04,3.083500000000000130e-01,-3.58E-02,5.427158999999999622e+00,1.533800000000000000e+04,6.230490004356768608e+09,2.060333301700000084e+04,3.547299999999999759e-02,2.765625000000000000e+04,0
4.345572899999999805e+01,2.909166597999999794e+03,1.744800000000000000e+04,-1.49E+04,3.155519999999999992e-01,-3.41E-02,6.885959999999999859e+00,1.744800000000000000e+04,5.909927209021673203e+09,2.079448157300000094e+04,3.307000000000000217e-02,2.782031250000000000e+04,0
-8.91E+01,3.500919867000000067e+03,2.159100000000000000e+04,-1.88E+04,2.613530000000000020e-01,1.593160000000000132e-01,9.161619999999999209e+00,2.159100000000000000e+04,7.208189140070068359e+09,1.980005435900000157e+04,4.634200000000000125e-02,2.915625000000000000e+04,0
1.336770800000000037e+01,2.878960105999999996e+03,1.514100000000000000e+04,-1.65E+04,2.443849999999999911e-01,5.830300000000000066e-02,6.838811999999999891e+00,1.654900000000000000e+04,5.070117381528465271e+09,2.068519181100000060e+04,5.971499999999999725e-02,2.821875000000000000e+04,0
-1.06E+02,3.236983270000000175e+03,1.881900000000000000e+04,-2.10E+04,2.642820000000000169e-01,2.172149999999999914e-01,9.447471999999999426e+00,2.100000000000000000e+04,6.901109248768122673e+09,2.130403292900000088e+04,1.003170000000000034e-01,2.940234375000000000e+04,0
-1.60E+02,2.772174148000000059e+03,1.617100000000000000e+04,-1.33E+04,2.747800000000000242e-01,2.343240000000000045e-01,6.762995000000000090e+00,1.617100000000000000e+04,4.942965592162846565e+09,2.094173656299999857e+04,4.215700000000000003e-02,2.806640625000000000e+04,0
-8.14E-01,3.753540089000000080e+03,1.987300000000000000e+04,-2.50E+04,2.252200000000000035e-01,-3.73E-02,7.883397000000000432e+00,2.497100000000000000e+04,9.302947555341045380e+09,2.004980906500000128e+04,2.512299999999999950e-02,2.757421875000000000e+04,0
-1.80E+02,2.586603607999999895e+03,1.496800000000000000e+04,-1.58E+04,2.576899999999999746e-01,1.683540000000000036e-01,8.159928999999999988e+00,1.576900000000000000e+04,4.339147305222911835e+09,2.022484490000000005e+04,5.154199999999999754e-02,2.806640625000000000e+04,0
-2.30E+02,3.481353055999999924e+03,2.527900000000000000e+04,-1.79E+04,2.482910000000000117e-01,2.980960000000000276e-01,9.877300999999999220e+00,2.527900000000000000e+04,7.432558810310957909e+09,2.037379781699999876e+04,4.553600000000000009e-02,2.773828125000000000e+04,0
-6.62E+01,3.576076597000000220e+03,1.966300000000000000e+04,-1.98E+04,2.957759999999999834e-01,-9.56E-02,6.773702000000000112e+00,1.982500000000000000e+04,7.686231578595362663e+09,2.123810584400000153e+04,2.834899999999999920e-02,2.790234375000000000e+04,0
2.771354000000000095e+00,3.846090475999999853e+03,2.236200000000000000e+04,-2.72E+04,2.620850000000000124e-01,9.277999999999999789e-03,9.074372000000000327e+00,2.716900000000000000e+04,1.008289254282294273e+10,1.990652995999999985e+04,2.809800000000000145e-02,2.796093750000000000e+04,0
-5.81E+01,2.978471590999999989e+03,1.791700000000000000e+04,-1.90E+04,2.999269999999999992e-01,-1.87E-01,7.880938000000000443e+00,1.900600000000000000e+04,6.228704031592333794e+09,2.122218635200000062e+04,3.503400000000000264e-02,2.819531250000000000e+04,0
1.311932290000000023e+02,4.017486604000000170e+03,2.239800000000000000e+04,-2.25E+04,2.685549999999999882e-01,-9.05E-03,8.576021000000000782e+00,2.249000000000000000e+04,1.002082598701107788e+10,2.031525821100000030e+04,2.406499999999999959e-02,2.741015625000000000e+04,0
-1.62E+01,2.754152626000000055e+03,1.626700000000000000e+04,-1.49E+04,3.084720000000000240e-01,2.056020000000000070e-01,7.901280999999999999e+00,1.626700000000000000e+04,4.520017857740533829e+09,2.096927245799999946e+04,4.766700000000000104e-02,2.793750000000000000e+04,0
-1.78E+02,4.048110072999999829e+03,2.092100000000000000e+04,-2.00E+04,2.777100000000000124e-01,2.452899999999999872e-02,5.909294000000000047e+00,2.092100000000000000e+04,1.088959249020246124e+10,2.038020547300000180e+04,3.976600000000000273e-02,2.762109375000000000e+04,0
1.181458300000000072e+01,3.037137717000000066e+03,1.572300000000000000e+04,-1.63E+04,3.100589999999999735e-01,-6.96E-02,6.108839999999999826e+00,1.627900000000000000e+04,6.228747058484018326e+09,2.056220421200000055e+04,3.463100000000000206e-02,2.786718750000000000e+04,0
2.177031200000000055e+01,3.269720624999999927e+03,2.045400000000000000e+04,-2.14E+04,2.838129999999999820e-01,2.510519999999999974e-01,1.193785399999999974e+01,2.135600000000000000e+04,6.769930935487648010e+09,2.053811045799999920e+04,4.147300000000000292e-02,2.813671875000000000e+04,0
1.244635399999999947e+01,2.387680456999999933e+03,1.315900000000000000e+04,-1.49E+04,2.520749999999999935e-01,-1.03E-01,9.506593000000000515e+00,1.494900000000000000e+04,3.712006915836514950e+09,2.134918274599999859e+04,4.971899999999999931e-02,2.830078125000000000e+04,0
-4.04E+01,3.831632070999999996e+03,1.841800000000000000e+04,-1.84E+04,2.680660000000000265e-01,-6.71E-02,5.723810000000000286e+00,1.842100000000000000e+04,9.480663013626867294e+09,2.018256704399999944e+04,4.237699999999999800e-02,2.790234375000000000e+04,0
1.571473959999999863e+02,2.649451687000000220e+03,1.375700000000000000e+04,-1.48E+04,2.806400000000000006e-01,1.202880000000000060e-01,7.198997999999999564e+00,1.478800000000000000e+04,4.447227951044528961e+09,2.063775758299999870e+04,3.486999999999999822e-02,2.805468750000000000e+04,0
2.624270829999999819e+02,4.525121054000000186e+03,2.062300000000000000e+04,-2.44E+04,2.918700000000000183e-01,-1.34E-01,5.488749000000000322e+00,2.440500000000000000e+04,1.368830515121735764e+10,2.008682621300000028e+04,2.414399999999999880e-02,2.744531250000000000e+04,0
7.954739600000000621e+01,3.281154838999999811e+03,1.557000000000000000e+04,-1.69E+04,2.718510000000000093e-01,8.769999999999999584e-04,5.678745000000000154e+00,1.693200000000000000e+04,7.253069337346310616e+09,2.030937273199999981e+04,3.488100000000000228e-02,2.765625000000000000e+04,0
-1.46E+01,3.165936231000000134e+03,1.734500000000000000e+04,-1.72E+04,2.828370000000000051e-01,8.382999999999999827e-03,8.130952000000000623e+00,1.734500000000000000e+04,6.386453823225985527e+09,2.004618405899999925e+04,5.592199999999999949e-02,2.763281250000000000e+04,0
1.136791670000000067e+02,2.810346892999999909e+03,1.483000000000000000e+04,-1.65E+04,2.410889999999999977e-01,-6.47E-02,9.334908000000000428e+00,1.652800000000000000e+04,5.064997345538508415e+09,1.991732426199999827e+04,3.582899999999999974e-02,2.767968750000000000e+04,0
1.397874999999999943e+02,3.228778358000000026e+03,1.919000000000000000e+04,-1.70E+04,2.943120000000000180e-01,9.065099999999999547e-02,8.142269999999999897e+00,1.919000000000000000e+04,6.946693787628894806e+09,2.008819578900000124e+04,2.904400000000000037e-02,2.753906250000000000e+04,0
-1.75E+02,3.118661514999999781e+03,1.446100000000000000e+04,-1.62E+04,2.814940000000000220e-01,-1.96E-02,5.671847999999999779e+00,1.618200000000000000e+04,6.391016221638504028e+09,2.026822084499999983e+04,3.984800000000000147e-02,2.789062500000000000e+04,0
4.984531199999999984e+01,3.273320706999999857e+03,1.967800000000000000e+04,-1.98E+04,2.536619999999999986e-01,-6.35E-02,9.594722000000000861e+00,1.979600000000000000e+04,7.399443911011769295e+09,1.969250600299999860e+04,3.530400000000000205e-02,2.759765625000000000e+04,0
-6.34E+01,2.539745335999999952e+03,1.453900000000000000e+04,-1.26E+04,2.595210000000000017e-01,4.555599999999999927e-02,8.423662999999999457e+00,1.453900000000000000e+04,4.451559498745935440e+09,2.004701126600000134e+04,3.383699999999999902e-02,2.772656250000000000e+04,0
-1.29E+02,3.191356402999999773e+03,1.946900000000000000e+04,-1.69E+04,2.772220000000000240e-01,7.538000000000000256e-02,6.880372999999999628e+00,1.946900000000000000e+04,6.079502132475434303e+09,1.967923089500000060e+04,3.822699999999999709e-02,2.771484375000000000e+04,0
2.812291670000000181e+02,2.770067245000000185e+03,1.442900000000000000e+04,-1.38E+04,2.652590000000000225e-01,6.314300000000000468e-02,5.622370000000000090e+00,1.442900000000000000e+04,4.424201453365224838e+09,2.021659055499999886e+04,5.347799999999999776e-02,2.819531250000000000e+04,0
-6.53E+01,2.805345147999999881e+03,1.617900000000000000e+04,-1.62E+04,2.723389999999999977e-01,9.429999999999999494e-02,7.045017999999999780e+00,1.623300000000000000e+04,5.372487449516057968e+09,1.960317812399999821e+04,3.792999999999999844e-02,2.807812500000000000e+04,0
3.431458299999999895e+01,3.418478591999999935e+03,1.883300000000000000e+04,-1.70E+04,2.822270000000000056e-01,-1.29E-01,6.968003999999999643e+00,1.883300000000000000e+04,7.600168886845233917e+09,2.014401354500000161e+04,2.915600000000000136e-02,2.789062500000000000e+04,0
1.546901039999999909e+02,2.635820372000000134e+03,1.685900000000000000e+04,-1.76E+04,2.515870000000000051e-01,6.443300000000000416e-02,1.051261000000000045e+01,1.757900000000000000e+04,4.369103459668614388e+09,1.953663720599999942e+04,5.364300000000000318e-02,2.779687500000000000e+04,0
-2.66E+02,3.198880525999999918e+03,1.992700000000000000e+04,-1.79E+04,2.924800000000000177e-01,-2.04E-01,9.066162999999999528e+00,1.992700000000000000e+04,6.808024613826391220e+09,1.998412136499999906e+04,2.764499999999999943e-02,2.765625000000000000e+04,0
-1.81E+01,4.399993268000000171e+03,2.273200000000000000e+04,-2.07E+04,2.604980000000000073e-01,-5.74E-02,4.882486000000000104e+00,2.273200000000000000e+04,1.215826154527786255e+10,1.935671753099999842e+04,2.480600000000000166e-02,2.733984375000000000e+04,0
1.804895799999999895e+01,3.930094329000000016e+03,1.837600000000000000e+04,-1.86E+04,3.067630000000000079e-01,-1.00E-01,5.087648999999999866e+00,1.857200000000000000e+04,9.718153284652027130e+09,2.035137874899999952e+04,3.265099999999999947e-02,2.759765625000000000e+04,0
-1.31E+02,2.900523787000000084e+03,1.975500000000000000e+04,-1.82E+04,2.836910000000000265e-01,-7.78E-02,1.483178000000000019e+01,1.975500000000000000e+04,5.760469536191543579e+09,2.006798528900000019e+04,4.846400000000000013e-02,2.808984375000000000e+04,0
1.848968749999999943e+02,3.527569199999999910e+03,2.111900000000000000e+04,-1.98E+04,2.493900000000000006e-01,1.175049999999999983e-01,1.028978399999999915e+01,2.111900000000000000e+04,8.808557751576589584e+09,2.000298845100000108e+04,2.328099999999999961e-02,2.738671875000000000e+04,0
1.451760419999999954e+02,4.203326855999999680e+03,2.063000000000000000e+04,-2.07E+04,2.834470000000000045e-01,8.998000000000000789e-03,5.563810000000000144e+00,2.068500000000000000e+04,1.093522763130959511e+10,1.998045316299999831e+04,2.653200000000000003e-02,2.776171875000000000e+04,0
-8.70E+01,2.191051821999999902e+03,1.368900000000000000e+04,-1.41E+04,2.585450000000000248e-01,1.854609999999999870e-01,9.152027000000000356e+00,1.405900000000000000e+04,2.843601936555744171e+09,2.019529395700000168e+04,4.308200000000000224e-02,2.861718750000000000e+04,0
-1.28E+02,2.692581835999999839e+03,2.310200000000000000e+04,-1.81E+04,2.282710000000000017e-01,1.243059999999999998e-01,1.570243999999999929e+01,2.310200000000000000e+04,3.288513731603916168e+09,2.060781494499999826e+04,5.704399999999999749e-02,2.872265625000000000e+04,0
9.233697899999999947e+01,2.333716734000000088e+03,1.508400000000000000e+04,-1.43E+04,3.040769999999999862e-01,1.972200000000000064e-01,8.678197000000000827e+00,1.508400000000000000e+04,3.821393518534259796e+09,2.038768608799999856e+04,4.274700000000000027e-02,2.851171875000000000e+04,0
9.174218799999999874e+01,2.807971967999999833e+03,1.782300000000000000e+04,-1.91E+04,2.769780000000000020e-01,-7.30E-02,1.196748599999999918e+01,1.908000000000000000e+04,4.412006850791444778e+09,1.988101977700000134e+04,4.742199999999999888e-02,2.840625000000000000e+04,0
-2.77E+02,2.980580351999999948e+03,1.640600000000000000e+04,-1.59E+04,2.884519999999999862e-01,1.285229999999999984e-01,6.571748999999999619e+00,1.640600000000000000e+04,5.894405219643668175e+09,2.025452970199999982e+04,3.779500000000000220e-02,2.839453125000000000e+04,0
-1.46E+02,3.031200268999999935e+03,2.253300000000000000e+04,-1.91E+04,2.945559999999999845e-01,5.959360000000000213e-01,1.441118600000000072e+01,2.253300000000000000e+04,6.192849133422936440e+09,1.979148256200000105e+04,2.747499999999999942e-02,2.776171875000000000e+04,0
9.332812000000000552e+00,2.258735470999999961e+03,1.328300000000000000e+04,-1.45E+04,2.467040000000000066e-01,2.802109999999999879e-01,9.034643000000000868e+00,1.453800000000000000e+04,3.574481577167055130e+09,2.000079471399999966e+04,7.201100000000000556e-02,2.832421875000000000e+04,0
-9.86E+01,4.134560268000000178e+03,2.348200000000000000e+04,-2.15E+04,2.916259999999999963e-01,1.237100000000000005e-01,7.454679999999999751e+00,2.348200000000000000e+04,1.136122194573295021e+10,2.010761810300000070e+04,3.022000000000000033e-02,2.746875000000000000e+04,0
-5.93E+01,3.075613773000000037e+03,1.594500000000000000e+04,-1.41E+04,2.811279999999999890e-01,9.583300000000000152e-02,3.685223999999999833e+00,1.594500000000000000e+04,5.706088408580121994e+09,1.961313236999999936e+04,3.858799999999999730e-02,2.823046875000000000e+04,0
1.930229170000000067e+02,3.761478470000000016e+03,2.054800000000000000e+04,-1.82E+04,2.727049999999999752e-01,1.893269999999999953e-01,7.335169999999999746e+00,2.054800000000000000e+04,9.619757412627283096e+09,1.971023360899999898e+04,2.264299999999999993e-02,2.765625000000000000e+04,0
1.085098959999999977e+02,2.344753276999999798e+03,1.282900000000000000e+04,-1.34E+04,2.379149999999999876e-01,-3.83E-01,6.416669999999999874e+00,1.341000000000000000e+04,3.708018070905155182e+09,1.949037751800000115e+04,4.453700000000000020e-02,2.853515625000000000e+04,0
4.481875000000000142e+01,3.395916361999999936e+03,2.325900000000000000e+04,-2.20E+04,2.615970000000000240e-01,-1.70E-01,8.672764000000000806e+00,2.325900000000000000e+04,7.538728174654575348e+09,1.915058944500000143e+04,3.335199999999999970e-02,2.757421875000000000e+04,0
-1.11E+02,2.876045615999999882e+03,1.564500000000000000e+04,-1.66E+04,2.653809999999999780e-01,-5.87E-03,5.825261000000000244e+00,1.656300000000000000e+04,5.364721817921214104e+09,2.006713421200000084e+04,3.169399999999999995e-02,2.819531250000000000e+04,0
-2.54E+02,3.945217243999999937e+03,2.281500000000000000e+04,-1.95E+04,2.885739999999999972e-01,4.812299999999999911e-02,6.300888999999999740e+00,2.281500000000000000e+04,1.011565213497726440e+10,2.012755721800000174e+04,2.356400000000000161e-02,2.771484375000000000e+04,0
7.760729200000000105e+01,2.639628274000000147e+03,1.471400000000000000e+04,-1.45E+04,2.407229999999999925e-01,9.205299999999999594e-02,4.758229000000000042e+00,1.471400000000000000e+04,4.703903413385302544e+09,1.977668151900000157e+04,4.783099999999999852e-02,2.834765625000000000e+04,0
-1.52E+02,3.383365709000000152e+03,2.276800000000000000e+04,-2.09E+04,2.528079999999999772e-01,7.089800000000000268e-02,1.248124800000000079e+01,2.276800000000000000e+04,7.655826410827580452e+09,2.020007658799999990e+04,3.853999999999999787e-02,2.777343750000000000e+04,0
8.698957999999999302e+00,2.076548895999999786e+03,1.221700000000000000e+04,-1.42E+04,2.495120000000000116e-01,-2.11E-01,8.729134999999999422e+00,1.424500000000000000e+04,3.028013355130574226e+09,2.049632137800000055e+04,7.903899999999999815e-02,2.969531250000000000e+04,0
1.672151039999999966e+02,4.357177397000000383e+03,2.337300000000000000e+04,-2.10E+04,2.725830000000000197e-01,-4.05E-03,4.704597999999999836e+00,2.337300000000000000e+04,1.166480809659746933e+10,1.986277620999999999e+04,3.614400000000000251e-02,2.755078125000000000e+04,0
-1.19E+02,2.879103787000000011e+03,1.232100000000000000e+04,-1.51E+04,2.769780000000000020e-01,-2.02E-01,3.415929999999999911e+00,1.510300000000000000e+04,5.064657175786198616e+09,2.054632049499999994e+04,4.012000000000000288e-02,2.876953125000000000e+04,0
-1.31E+01,2.642744517999999971e+03,1.494400000000000000e+04,-1.87E+04,2.998049999999999882e-01,-3.15E-01,1.053421900000000022e+01,1.872400000000000000e+04,4.731974752681686401e+09,2.096463449799999944e+04,4.867199999999999999e-02,3.000000000000000000e+04,0
-2.51E-01,2.918759160999999949e+03,1.748700000000000000e+04,-1.72E+04,2.716060000000000141e-01,2.209980000000000000e-01,9.203366000000000824e+00,1.748700000000000000e+04,6.067499547628759384e+09,2.065562038000000030e+04,3.309800000000000242e-02,2.838281250000000000e+04,0
6.475260400000000516e+01,3.468962652000000162e+03,2.335100000000000000e+04,-2.21E+04,2.597659999999999969e-01,7.957699999999999496e-02,9.570398000000000849e+00,2.335100000000000000e+04,6.635525862117227554e+09,2.058501914799999940e+04,4.929299999999999654e-02,2.835937500000000000e+04,0
5.253541700000000247e+01,3.259861680999999862e+03,1.556500000000000000e+04,-1.58E+04,2.607419999999999738e-01,-5.73E-02,5.120663000000000409e+00,1.581200000000000000e+04,6.568508304517069817e+09,2.055560299400000076e+04,4.067799999999999888e-02,2.865234375000000000e+04,0
7.258541700000000674e+01,3.639011841999999888e+03,2.375200000000000000e+04,-2.41E+04,2.724610000000000087e-01,-1.82E-01,1.370652800000000049e+01,2.412400000000000000e+04,9.254255270240198135e+09,2.064481160699999964e+04,5.534800000000000136e-02,2.826562500000000000e+04,0
9.353697900000000232e+01,2.563385010999999849e+03,1.521100000000000000e+04,-1.57E+04,2.459719999999999962e-01,3.631299999999999806e-02,8.145388000000000517e+00,1.573900000000000000e+04,4.606320214341453552e+09,2.035122837900000013e+04,5.930900000000000061e-02,2.892187500000000000e+04,0
1.300567709999999977e+02,4.645430347999999867e+03,2.958800000000000000e+04,-2.10E+04,2.763669999999999738e-01,6.097299999999999942e-02,5.402006000000000085e+00,2.958800000000000000e+04,1.370144420467893219e+10,2.023185715300000084e+04,2.639400000000000079e-02,2.777343750000000000e+04,0
-2.45E+02,3.128333705000000009e+03,1.617400000000000000e+04,-1.67E+04,2.490229999999999944e-01,3.896999999999999770e-02,4.744087999999999639e+00,1.666200000000000000e+04,6.404991684330514908e+09,1.961089952700000140e+04,3.054300000000000070e-02,2.825390625000000000e+04,0
-5.28E+01,3.660463067000000137e+03,2.295500000000000000e+04,-2.61E+04,2.434080000000000132e-01,8.730300000000000560e-02,1.067804699999999940e+01,2.605900000000000000e+04,8.136834056390378952e+09,1.940171013799999855e+04,3.874999999999999972e-02,2.792578125000000000e+04,0
-3.44E+01,2.379593491999999969e+03,1.522100000000000000e+04,-1.75E+04,2.324219999999999897e-01,1.516389999999999960e-01,9.140323000000000420e+00,1.746200000000000000e+04,3.664608093964810848e+09,2.001646176299999934e+04,5.814300000000000024e-02,2.858203125000000000e+04,0
-2.40E+02,3.710072736000000077e+03,2.103900000000000000e+04,-2.30E+04,2.684329999999999772e-01,-5.05E-02,8.374045999999999879e+00,2.296300000000000000e+04,9.875934977544960022e+09,1.953849230900000111e+04,2.147800000000000056e-02,2.772656250000000000e+04,0
2.615390620000000013e+02,2.748685363999999936e+03,1.394900000000000000e+04,-1.36E+04,2.681879999999999820e-01,-2.61E-02,5.422393999999999714e+00,1.394900000000000000e+04,5.090944001864157677e+09,2.051986300199999823e+04,2.899300000000000141e-02,2.841796875000000000e+04,0
-6.49E+01,3.932134449000000131e+03,2.080200000000000000e+04,-2.15E+04,2.756350000000000189e-01,5.680199999999999833e-02,7.640730999999999717e+00,2.146400000000000000e+04,9.429518148302019119e+09,1.995000501399999848e+04,2.412399999999999961e-02,2.753906250000000000e+04,0
-3.56E+01,2.688761523000000125e+03,1.332500000000000000e+04,-1.59E+04,2.923580000000000068e-01,-1.18E-01,7.528926000000000229e+00,1.592800000000000000e+04,4.024635268437867165e+09,2.060456842899999901e+04,3.752400000000000180e-02,2.844140625000000000e+04,0
2.352817709999999920e+02,3.618052094000000125e+03,2.482600000000000000e+04,-1.87E+04,2.598880000000000079e-01,3.210060000000000136e-01,1.061261799999999944e+01,2.482600000000000000e+04,9.371665819355258942e+09,2.027527464200000031e+04,1.678699999999999984e-02,2.762109375000000000e+04,0
-1.75E+02,2.379352025000000140e+03,1.320600000000000000e+04,-1.48E+04,2.552490000000000037e-01,1.857429999999999914e-01,5.833268999999999593e+00,1.482300000000000000e+04,3.994058127027410030e+09,2.016259085599999889e+04,4.259500000000000092e-02,2.813671875000000000e+04,0
-1.51E+01,4.038631966999999804e+03,2.262600000000000000e+04,-2.13E+04,2.828370000000000051e-01,-8.14E-02,6.561890000000000001e+00,2.262600000000000000e+04,1.012605379413916588e+10,2.056582839999999851e+04,2.202399999999999844e-02,2.760937500000000000e+04,0
-1.78E+02,2.736898212999999942e+03,1.397300000000000000e+04,-1.62E+04,2.124020000000000075e-01,-1.13E-01,6.271351000000000120e+00,1.619200000000000000e+04,4.631054905042340279e+09,2.053142793099999835e+04,5.557999999999999746e-02,2.883984375000000000e+04,0
-6.39E+01,3.355874899999999798e+03,1.666500000000000000e+04,-1.87E+04,2.645259999999999834e-01,-4.08E-03,8.709326000000000789e+00,1.874000000000000000e+04,7.534407913821372032e+09,2.087815699300000051e+04,5.499600000000000322e-02,2.807812500000000000e+04,0
-5.87E+01,2.325578629000000092e+03,1.347700000000000000e+04,-1.26E+04,2.685549999999999882e-01,1.975409999999999944e-01,8.581303999999999377e+00,1.347700000000000000e+04,3.655452122110626221e+09,2.031978378599999996e+04,7.406000000000000083e-02,2.860546875000000000e+04,0
-6.68E+01,4.031850758999999925e+03,2.009800000000000000e+04,-2.36E+04,2.489010000000000111e-01,-1.95E-01,7.148894000000000304e+00,2.358700000000000000e+04,1.063513004943507195e+10,1.991882884600000034e+04,2.013099999999999959e-02,2.759765625000000000e+04,0
