2.251953120000000013e+02,5.831863879000000452e+03,2.721400000000000000e+04,-2.74E+04,3.201899999999999746e-01,-3.97E-02,2.566124999999999989e+00,2.743800000000000000e+04,2.245126771877162170e+10,2.071903910299999916e+04,2.346399999999999875e-02,2.773828125000000000e+04,1
-1.33E+02,5.036032353999999941e+03,2.443000000000000000e+04,-2.39E+04,3.205569999999999808e-01,-1.79E-03,2.256838999999999817e+00,2.443000000000000000e+04,1.626813222682609749e+10,2.093318556800000079e+04,6.068099999999999883e-02,2.823046875000000000e+04,1
1.701651040000000137e+02,5.347713674999999967e+03,2.432500000000000000e+04,-2.19E+04,2.930909999999999904e-01,4.027399999999999730e-02,2.709049999999999958e+00,2.432500000000000000e+04,1.715306792930891800e+10,2.037290462900000057e+04,2.635799999999999949e-02,2.776171875000000000e+04,1
4.036166670000000067e+02,5.595748512000000119e+03,3.123100000000000000e+04,-2.75E+04,2.937009999999999899e-01,-4.13E-03,3.506660000000000110e+00,3.123100000000000000e+04,2.039441439536517715e+10,2.033856192500000179e+04,2.874099999999999919e-02,2.757421875000000000e+04,1
3.314630210000000261e+02,6.566352552999999716e+03,2.937100000000000000e+04,-2.93E+04,3.208010000000000028e-01,5.588000000000000085e-03,1.816149999999999931e+00,2.937100000000000000e+04,2.811238391772180557e+10,2.058382034500000009e+04,2.418199999999999864e-02,2.767968750000000000e+04,1
3.873802079999999819e+02,5.184087054999999964e+03,2.770100000000000000e+04,-3.04E+04,2.911380000000000079e-01,1.172720000000000012e-01,5.003419000000000061e+00,3.042900000000000000e+04,1.880982010070616531e+10,2.034118406400000094e+04,2.554800000000000126e-02,2.765625000000000000e+04,1
4.740781199999999984e+01,3.663477350000000115e+03,2.042900000000000000e+04,-2.34E+04,2.984620000000000051e-01,-8.53E-02,4.535898000000000430e+00,2.337200000000000000e+04,9.108732656890644073e+09,2.037453400699999838e+04,4.945000000000000090e-02,2.792578125000000000e+04,1
-5.59E+01,5.688304100000000290e+03,2.722100000000000000e+04,-2.53E+04,3.144529999999999825e-01,1.235779999999999934e-01,2.257903000000000215e+00,2.722100000000000000e+04,2.146729912150044250e+10,2.078759255100000155e+04,2.846500000000000072e-02,2.767968750000000000e+04,1
-4.08E+02,5.820799149999999827e+03,2.465200000000000000e+04,-2.34E+04,3.143310000000000271e-01,-5.48E-02,1.241208000000000089e+00,2.465200000000000000e+04,2.260523633432499313e+10,2.087877623600000152e+04,2.799700000000000105e-02,2.779687500000000000e+04,1
-1.96E+02,4.199720929000000069e+03,1.675200000000000000e+04,-2.14E+04,3.070069999999999744e-01,-4.01E-01,2.337730999999999781e+00,2.137000000000000000e+04,1.063999185260268974e+10,2.019776422200000161e+04,4.103300000000000003e-02,2.800781250000000000e+04,1
-3.60E+02,4.799772791000000325e+03,1.835500000000000000e+04,-2.31E+04,3.099370000000000180e-01,-1.69E-01,1.879335999999999895e+00,2.307000000000000000e+04,1.426450343936194611e+10,2.020205558499999825e+04,3.474300000000000305e-02,2.769140625000000000e+04,1
-2.95E+01,4.587161736000000019e+03,2.395600000000000000e+04,-2.55E+04,3.190919999999999868e-01,-2.92E-02,3.557691999999999855e+00,2.548700000000000000e+04,1.444629527522608757e+10,2.107691418500000145e+04,3.720799999999999802e-02,2.779687500000000000e+04,1
1.302005210000000091e+02,4.921570230000000265e+03,1.942800000000000000e+04,-1.92E+04,2.956539999999999724e-01,-3.41E-03,1.571552000000000060e+00,1.942800000000000000e+04,1.665626265443157005e+10,1.991468756199999916e+04,2.659699999999999911e-02,2.773828125000000000e+04,1
-2.16E+02,4.960783962000000429e+03,1.998600000000000000e+04,-2.10E+04,3.071289999999999853e-01,-4.47E-02,1.707526000000000099e+00,2.103500000000000000e+04,1.598439405438131142e+10,1.990003466499999922e+04,3.542200000000000210e-02,2.752734375000000000e+04,1
2.174583330000000103e+02,6.091778035999999702e+03,2.409300000000000000e+04,-2.75E+04,3.099370000000000180e-01,-4.47E-03,1.365366999999999997e+00,2.751800000000000000e+04,2.304095762677370453e+10,2.066503801000000021e+04,4.272299999999999709e-02,2.764453125000000000e+04,1
1.331817709999999977e+02,4.621563420999999835e+03,2.329100000000000000e+04,-2.49E+04,2.995610000000000217e-01,-1.89E-01,3.557625999999999955e+00,2.492700000000000000e+04,1.485613861959086418e+10,2.051165984899999967e+04,3.255799999999999667e-02,2.769140625000000000e+04,1
-4.66E+01,3.957846172999999908e+03,2.035100000000000000e+04,-1.94E+04,3.082280000000000020e-01,6.074600000000000138e-02,2.281209000000000042e+00,2.035100000000000000e+04,1.080023371326737022e+10,2.028854292599999826e+04,3.332600000000000146e-02,2.787890625000000000e+04,1
3.605281249999999886e+02,5.525678133000000344e+03,2.422500000000000000e+04,-1.92E+04,3.072509999999999963e-01,5.683900000000000063e-02,1.435235999999999956e+00,2.422500000000000000e+04,2.036725619489916992e+10,2.030668240499999956e+04,2.458899999999999975e-02,2.749218750000000000e+04,1
3.591979200000000105e+01,6.314792814999999791e+03,2.484000000000000000e+04,-2.52E+04,3.143310000000000271e-01,4.258200000000000179e-02,1.218728000000000034e+00,2.522100000000000000e+04,2.264505803310086823e+10,2.003522964299999876e+04,3.066100000000000075e-02,2.758593750000000000e+04,1
-5.67E+00,3.889463100999999824e+03,2.103000000000000000e+04,-1.52E+04,3.125000000000000000e-01,3.081490000000000062e-01,2.301705999999999808e+00,2.103000000000000000e+04,1.001866649329165268e+10,2.024383043299999918e+04,4.265999999999999653e-02,2.787890625000000000e+04,1
1.153499999999999943e+02,4.727213365999999951e+03,2.732500000000000000e+04,-2.88E+04,2.990720000000000045e-01,-1.16E-01,4.794063999999999659e+00,2.881200000000000000e+04,1.473169315348726845e+10,2.004144921999999860e+04,2.660399999999999918e-02,2.779687500000000000e+04,1
-5.39E+01,6.899281573000000208e+03,2.389500000000000000e+04,-2.53E+04,3.066409999999999969e-01,-7.51E-02,8.686599999999999877e-01,2.529400000000000000e+04,3.101204438331704330e+10,2.023756748700000026e+04,2.757499999999999882e-02,2.751562500000000000e+04,1
7.799062499999999432e+01,6.171080240000000231e+03,2.551600000000000000e+04,-2.71E+04,3.055419999999999803e-01,-4.30E-02,1.146849000000000007e+00,2.710600000000000000e+04,2.554798116917150497e+10,2.007739392099999895e+04,1.916299999999999948e-02,2.741015625000000000e+04,1
-2.06E+01,3.524941252999999961e+03,1.645300000000000000e+04,-1.80E+04,2.680660000000000265e-01,-1.50E-01,3.562479999999999869e+00,1.802200000000000000e+04,8.038241002008549690e+09,1.939211558700000023e+04,5.632899999999999713e-02,2.717578125000000000e+04,1
2.286937499999999943e+02,4.541289816999999857e+03,2.317200000000000000e+04,-2.26E+04,2.946779999999999955e-01,1.160189999999999971e-01,3.799237999999999893e+00,2.317200000000000000e+04,1.301205064250047684e+10,1.951863963599999988e+04,5.364599999999999924e-02,2.732812500000000000e+04,1
9.126770799999999895e+01,4.420653881000000183e+03,1.984500000000000000e+04,-2.22E+04,3.121340000000000225e-01,-4.62E-02,2.150069999999999926e+00,2.215300000000000000e+04,1.251789560619622421e+10,1.979214950500000123e+04,3.706000000000000266e-02,2.725781250000000000e+04,1
-6.38E+01,7.074320644999999786e+03,2.481600000000000000e+04,-2.38E+04,3.054200000000000248e-01,-6.24E-02,9.969459999999999988e-01,2.481600000000000000e+04,3.253828597279694366e+10,2.015892371600000115e+04,2.300100000000000061e-02,2.710546875000000000e+04,1
2.273781250000000114e+02,3.633253998000000138e+03,2.004400000000000000e+04,-1.73E+04,2.700199999999999823e-01,8.088399999999999757e-02,3.095120000000000093e+00,2.004400000000000000e+04,8.840170410233057022e+09,1.859967930799999885e+04,3.248800000000000299e-02,2.709375000000000000e+04,1
-1.45E+02,4.971422733000000335e+03,2.651300000000000000e+04,-2.13E+04,3.123779999999999890e-01,7.693999999999999451e-02,2.342528999999999861e+00,2.651300000000000000e+04,1.687446645141265678e+10,2.047434413700000005e+04,4.127700000000000119e-02,2.811328125000000000e+04,1
-6.73E+01,4.675853618000000097e+03,2.273500000000000000e+04,-2.03E+04,2.948000000000000065e-01,1.854199999999999945e-02,2.348609999999999864e+00,2.273500000000000000e+04,1.338620748390980530e+10,2.011194707900000139e+04,3.037199999999999969e-02,2.752734375000000000e+04,1
6.925364600000000337e+01,4.239325947000000269e+03,1.486200000000000000e+04,-1.47E+04,3.052980000000000138e-01,7.506999999999999784e-03,6.347770000000000357e-01,1.486200000000000000e+04,1.160056331227176094e+10,2.017399874500000078e+04,4.640899999999999886e-02,2.818359375000000000e+04,1
-1.59E+02,3.624671440999999959e+03,1.468200000000000000e+04,-1.55E+04,2.995610000000000217e-01,-2.18E-02,1.268718000000000012e+00,1.552700000000000000e+04,8.743977699241708755e+09,1.922915689099999872e+04,3.486999999999999822e-02,2.735156250000000000e+04,1
-7.61E+00,5.278720102999999654e+03,2.228300000000000000e+04,-2.10E+04,3.087159999999999904e-01,7.419699999999999906e-02,1.539992000000000028e+00,2.228300000000000000e+04,1.827668249192321777e+10,2.023116650600000139e+04,3.420399999999999829e-02,2.782031250000000000e+04,1
-6.48E+01,3.021427403000000140e+03,1.669000000000000000e+04,-1.65E+04,2.993160000000000265e-01,-7.21E-02,3.092081999999999997e+00,1.669000000000000000e+04,5.407743137313890457e+09,1.964700566500000059e+04,6.108100000000000335e-02,2.807812500000000000e+04,1
9.565416700000000105e+01,5.318542801999999938e+03,2.625700000000000000e+04,-2.40E+04,3.009029999999999760e-01,3.720000000000000216e-03,3.610698000000000185e+00,2.625700000000000000e+04,1.972572891663025284e+10,1.980350088500000129e+04,2.917099999999999901e-02,2.755078125000000000e+04,1
-2.78E+01,5.176199193999999807e+03,2.051900000000000000e+04,-2.16E+04,2.758789999999999853e-01,1.242410000000000042e-01,1.409899999999999931e+00,2.162100000000000000e+04,1.682069126112578964e+10,1.936196503700000176e+04,3.283200000000000007e-02,2.715234375000000000e+04,1
-2.30E+01,6.823225636999999551e+03,2.631600000000000000e+04,-2.62E+04,3.132320000000000104e-01,1.323449999999999904e-01,1.216550000000000020e+00,2.631600000000000000e+04,2.920022852296612930e+10,2.045215684300000066e+04,2.921699999999999992e-02,2.783203125000000000e+04,1
-1.68E+01,3.873360023000000183e+03,2.483200000000000000e+04,-2.74E+04,2.840579999999999772e-01,-1.73E-01,9.630233000000000487e+00,2.741000000000000000e+04,1.023924681553273964e+10,1.936560395799999969e+04,4.009800000000000170e-02,2.738671875000000000e+04,1
-7.03E+01,5.472425766999999723e+03,2.057200000000000000e+04,-2.51E+04,2.890619999999999856e-01,-7.71E-02,2.186306999999999778e+00,2.511900000000000000e+04,2.009493830026499557e+10,1.960699398899999869e+04,2.502499999999999863e-02,2.722265625000000000e+04,1
-1.17E+02,4.730767931999999746e+03,2.052700000000000000e+04,-2.05E+04,2.873539999999999983e-01,1.389380000000000059e-01,1.870805999999999969e+00,2.052700000000000000e+04,1.438238879771929359e+10,1.966602802000000156e+04,2.835899999999999879e-02,2.730468750000000000e+04,1
-2.60E+02,7.485051234999999906e+03,3.072400000000000000e+04,-3.28E+04,3.131099999999999994e-01,1.974400000000000113e-02,1.965174999999999894e+00,3.284800000000000000e+04,3.889777870542652130e+10,2.033598555499999929e+04,1.850200000000000108e-02,2.732812500000000000e+04,1
-1.49E+02,6.274000699999999597e+03,2.574700000000000000e+04,-2.91E+04,3.156740000000000101e-01,4.389900000000000052e-02,1.964537999999999895e+00,2.906100000000000000e+04,2.678714320042187500e+10,2.063371644200000082e+04,2.184499999999999983e-02,2.733984375000000000e+04,1
-5.83E+01,6.275686397999999826e+03,1.753400000000000000e+04,-2.23E+04,2.999269999999999992e-01,-1.11E-01,5.778689999999999660e-01,2.234600000000000000e+04,2.436473480144235611e+10,1.998350637999999890e+04,2.879400000000000015e-02,2.750390625000000000e+04,1
-1.23E+02,4.194784107000000404e+03,2.550500000000000000e+04,-2.21E+04,2.762450000000000183e-01,1.029150000000000065e-01,4.642928000000000388e+00,2.550500000000000000e+04,1.244285699455530548e+10,1.969971725299999889e+04,5.432700000000000029e-02,2.743359375000000000e+04,1
6.568125000000000568e+01,4.151206866000000446e+03,1.938600000000000000e+04,-1.67E+04,3.090820000000000234e-01,1.737700000000000078e-01,1.783479000000000037e+00,1.938600000000000000e+04,1.195493642022757721e+10,1.956636204799999905e+04,2.574299999999999852e-02,2.770312500000000000e+04,1
-1.12E+02,4.782608064000000013e+03,1.790200000000000000e+04,-1.96E+04,3.028560000000000141e-01,-1.89E-01,1.286121000000000070e+00,1.958500000000000000e+04,1.524786319165889931e+10,1.937131609000000026e+04,3.105499999999999927e-02,2.738671875000000000e+04,1
-7.82E+01,6.859484725000000253e+03,2.014500000000000000e+04,-2.37E+04,3.073730000000000073e-01,-1.92E-02,5.898330000000000517e-01,2.365100000000000000e+04,2.782030920533247375e+10,2.044772659600000043e+04,2.322799999999999865e-02,2.767968750000000000e+04,1
6.033072899999999805e+01,3.886506820999999945e+03,1.899600000000000000e+04,-1.83E+04,2.922359999999999958e-01,1.769100000000000117e-01,3.706087999999999827e+00,1.899600000000000000e+04,9.371309838000215530e+09,1.955756609799999933e+04,4.165399999999999658e-02,2.723437500000000000e+04,1
-4.27E+01,4.807305470000000241e+03,2.280500000000000000e+04,-2.10E+04,3.094480000000000008e-01,-2.35E-03,1.916095000000000104e+00,2.280500000000000000e+04,1.508633326026645088e+10,2.019862649600000077e+04,3.265400000000000247e-02,2.773828125000000000e+04,1
-1.12E+02,4.424113527000000431e+03,2.010100000000000000e+04,-1.90E+04,3.033449999999999758e-01,-5.30E-02,1.766143000000000018e+00,2.010100000000000000e+04,1.370692068156761742e+10,1.949128291600000011e+04,2.348300000000000040e-02,2.715234375000000000e+04,1
9.014427100000000337e+01,8.072430048999999599e+03,3.587800000000000000e+04,-3.18E+04,3.151860000000000217e-01,7.234899999999999665e-02,1.968272000000000022e+00,3.587800000000000000e+04,4.360587006082158661e+10,2.057935501700000168e+04,1.210199999999999991e-02,2.714062500000000000e+04,1
-1.18E+02,4.769217043999999987e+03,2.015100000000000000e+04,-2.11E+04,3.035889999999999977e-01,3.506000000000000002e-03,2.241817999999999866e+00,2.106500000000000000e+04,1.365943383354071236e+10,1.978899423400000160e+04,3.359199999999999686e-02,2.736328125000000000e+04,1
-5.05E+01,5.492633984000000055e+03,2.133500000000000000e+04,-2.17E+04,3.111570000000000169e-01,-1.99E-02,1.668323999999999918e+00,2.171200000000000000e+04,1.829347807235902405e+10,2.009223283699999956e+04,2.645499999999999935e-02,2.705859375000000000e+04,1
2.381822899999999876e+01,4.894910319999999956e+03,2.983500000000000000e+04,-2.68E+04,3.155519999999999992e-01,1.808230000000000115e-01,5.372550999999999632e+00,2.983500000000000000e+04,1.686840307978955078e+10,1.986367209799999910e+04,2.646000000000000088e-02,2.717578125000000000e+04,1
-2.41E+02,6.217229263000000174e+03,3.548300000000000000e+04,-3.81E+04,3.090820000000000234e-01,-9.40E-03,6.972934999999999661e+00,3.807400000000000000e+04,2.722740386655510330e+10,2.010778479099999822e+04,3.041599999999999859e-02,2.738671875000000000e+04,1
-9.76E+01,4.434585143000000244e+03,1.889500000000000000e+04,-2.32E+04,3.066409999999999969e-01,-1.06E-01,3.266040999999999972e+00,2.319900000000000000e+04,1.175967108171071243e+10,1.988021089800000118e+04,3.358900000000000080e-02,2.708203125000000000e+04,1
4.129687999999999803e+00,6.181348058999999921e+03,2.117300000000000000e+04,-2.63E+04,3.002929999999999766e-01,-2.16E-03,1.133815000000000017e+00,2.631200000000000000e+04,2.390803502988389206e+10,2.051820915999999852e+04,1.828000000000000111e-02,2.735156250000000000e+04,1
-2.56E+02,4.373586594999999761e+03,2.881700000000000000e+04,-2.87E+04,2.838129999999999820e-01,1.491540000000000088e-01,8.697070999999999330e+00,2.881700000000000000e+04,1.319959927464801216e+10,1.991367514500000107e+04,4.022099999999999981e-02,2.743359375000000000e+04,1
3.593906199999999984e+01,6.031241420000000289e+03,2.601300000000000000e+04,-2.89E+04,3.132320000000000104e-01,-5.69E-03,2.404536999999999924e+00,2.894400000000000000e+04,2.453664963369400787e+10,2.083158136400000149e+04,2.882300000000000140e-02,2.782031250000000000e+04,1
-8.51E+01,4.641588985000000321e+03,2.017500000000000000e+04,-2.48E+04,3.045649999999999746e-01,-3.72E-02,2.676203000000000110e+00,2.478100000000000000e+04,1.339999941389692688e+10,2.028268750400000135e+04,2.862400000000000014e-02,2.719921875000000000e+04,1
1.962499999999999911e+00,6.631588595999999598e+03,2.677800000000000000e+04,-3.19E+04,3.092039999999999789e-01,-1.37E-01,2.266579999999999817e+00,3.191300000000000000e+04,2.720904018884031296e+10,2.069625031799999852e+04,1.290000000000000001e-02,2.737500000000000000e+04,1
-3.45E+00,4.469596776000000318e+03,2.516200000000000000e+04,-2.39E+04,2.966309999999999780e-01,4.049999999999999781e-04,2.989937999999999985e+00,2.516200000000000000e+04,1.192578052959465981e+10,2.014055798499999946e+04,2.853800000000000087e-02,2.789062500000000000e+04,1
-1.35E+02,5.423590325000000121e+03,2.665000000000000000e+04,-2.95E+04,3.128659999999999775e-01,6.767700000000000105e-02,2.423147000000000162e+00,2.953700000000000000e+04,2.070137487204110336e+10,2.065481368099999963e+04,2.488500000000000087e-02,2.765625000000000000e+04,1
9.807031200000000126e+01,4.307230180999999902e+03,2.085200000000000000e+04,-2.28E+04,3.050539999999999918e-01,-1.30E-01,4.055972999999999828e+00,2.281100000000000000e+04,1.058512985944803047e+10,2.027672204399999828e+04,3.722000000000000308e-02,2.771484375000000000e+04,1
-1.74E+02,6.257439088000000083e+03,2.431900000000000000e+04,-2.38E+04,3.114009999999999834e-01,-3.66E-02,1.102351999999999999e+00,2.431900000000000000e+04,2.308642201069485474e+10,2.046508884499999840e+04,2.562199999999999894e-02,2.763281250000000000e+04,1
-5.29E+01,3.130273235000000113e+03,1.539700000000000000e+04,-1.79E+04,3.074950000000000183e-01,5.434400000000000341e-02,3.202141999999999822e+00,1.794400000000000000e+04,6.548162076589923859e+09,1.995741409800000110e+04,4.851799999999999863e-02,2.764453125000000000e+04,1
-7.79E+01,5.073930019999999786e+03,2.224100000000000000e+04,-2.02E+04,3.127440000000000220e-01,-3.88E-02,1.619914000000000076e+00,2.224100000000000000e+04,1.751455627033606720e+10,2.055329240600000048e+04,2.625500000000000056e-02,2.789062500000000000e+04,1
4.036770800000000037e+01,4.614971472999999605e+03,1.833200000000000000e+04,-1.82E+04,3.079830000000000068e-01,-2.66E-02,1.204901999999999918e+00,1.833200000000000000e+04,1.381857992823209953e+10,2.040748630399999820e+04,2.650399999999999978e-02,2.751562500000000000e+04,1
-3.07E+01,6.947306784000000334e+03,2.950300000000000000e+04,-3.10E+04,3.099370000000000180e-01,2.242600000000000149e-02,1.795368000000000075e+00,3.101200000000000000e+04,2.633818509711652756e+10,2.043858023999999932e+04,1.517499999999999925e-02,2.773828125000000000e+04,1
-2.13E+01,3.832282021999999870e+03,1.791000000000000000e+04,-1.67E+04,3.110350000000000059e-01,8.031000000000000638e-02,2.456564000000000192e+00,1.791000000000000000e+04,9.210424990619577408e+09,2.035851911599999949e+04,3.520399999999999918e-02,2.775000000000000000e+04,1
-2.06E+02,5.954249149000000216e+03,2.675800000000000000e+04,-2.41E+04,3.159179999999999766e-01,5.035400000000000292e-02,1.901243000000000016e+00,2.675800000000000000e+04,2.176263237986495590e+10,2.055502405599999838e+04,2.448399999999999882e-02,2.760937500000000000e+04,1
-1.74E+02,4.489815644999999677e+03,2.117000000000000000e+04,-2.11E+04,3.046880000000000144e-01,1.202339999999999937e-01,2.897083999999999993e+00,2.117000000000000000e+04,1.411371646445883751e+10,1.981013660000000164e+04,2.853100000000000080e-02,2.729296875000000000e+04,1
-4.85E+01,6.191874122000000170e+03,2.671400000000000000e+04,-2.94E+04,3.111570000000000169e-01,-6.06E-02,2.024443000000000215e+00,2.937200000000000000e+04,2.697346893997107315e+10,2.097757683399999951e+04,1.314899999999999923e-02,2.742187500000000000e+04,1
-1.75E+02,4.520009583000000021e+03,1.911000000000000000e+04,-1.93E+04,3.156740000000000101e-01,9.239000000000000684e-03,2.093132000000000215e+00,1.928200000000000000e+04,1.284490743178852081e+10,2.016869300199999998e+04,2.784299999999999969e-02,2.730468750000000000e+04,1
3.237250000000000227e+02,6.116695722000000387e+03,3.011000000000000000e+04,-3.22E+04,3.164060000000000206e-01,-2.17E-02,2.458699000000000190e+00,3.216100000000000000e+04,2.453544946994124985e+10,2.065644700200000079e+04,1.947000000000000119e-02,2.777343750000000000e+04,1
4.824791700000000105e+01,4.139012888000000203e+03,2.057000000000000000e+04,-2.15E+04,3.134770000000000056e-01,-9.30E-02,3.123629000000000211e+00,2.148000000000000000e+04,1.190319986916761398e+10,2.069228562199999942e+04,2.926899999999999988e-02,2.743359375000000000e+04,1
-4.48E+02,6.297931381000000329e+03,3.080600000000000000e+04,-3.63E+04,3.028560000000000141e-01,-4.98E-02,3.349664000000000197e+00,3.626400000000000000e+04,2.782057353344379425e+10,2.043245808100000067e+04,2.318800000000000028e-02,2.787890625000000000e+04,1
-1.33E+01,4.524904660999999578e+03,2.567600000000000000e+04,-2.67E+04,2.965090000000000225e-01,-7.08E-02,3.863628999999999980e+00,2.674000000000000000e+04,1.241780148353218460e+10,1.996728021799999988e+04,3.009399999999999922e-02,2.735156250000000000e+04,1
2.493979170000000067e+02,5.636607277000000067e+03,2.856800000000000000e+04,-2.56E+04,3.083500000000000130e-01,7.490600000000000036e-02,3.132105000000000139e+00,2.856800000000000000e+04,2.143293524164344406e+10,2.035611398299999928e+04,2.475099999999999870e-02,2.748046875000000000e+04,1
3.152916700000000105e+01,3.764760493000000224e+03,1.779800000000000000e+04,-2.13E+04,2.934570000000000234e-01,-3.95E-02,3.137046999999999919e+00,2.131600000000000000e+04,9.278671282735937119e+09,2.006498499900000024e+04,6.452800000000000202e-02,2.801953125000000000e+04,1
-5.22E+02,6.144145459999999730e+03,2.907800000000000000e+04,-2.84E+04,3.128659999999999775e-01,-9.15E-02,1.967756000000000061e+00,2.907800000000000000e+04,2.686174217607800674e+10,2.042096577299999990e+04,1.917999999999999913e-02,2.783203125000000000e+04,1
-1.18E+01,3.865793799000000035e+03,1.876300000000000000e+04,-1.78E+04,3.087159999999999904e-01,1.254619999999999902e-01,2.168696999999999875e+00,1.876300000000000000e+04,1.030737492312418747e+10,2.054819186700000137e+04,4.834499999999999909e-02,2.805468750000000000e+04,1
-1.20E+02,6.049917540999999801e+03,2.458600000000000000e+04,-2.87E+04,2.972409999999999775e-01,-1.12E-02,1.866192999999999991e+00,2.867300000000000000e+04,2.223778168612879181e+10,1.997995795400000134e+04,2.175399999999999903e-02,2.775000000000000000e+04,1
-3.69E+02,4.142416548000000148e+03,2.203900000000000000e+04,-2.04E+04,3.039549999999999752e-01,-2.90E-01,3.500682999999999989e+00,2.203900000000000000e+04,1.205971737531131935e+10,1.929774234900000010e+04,3.841100000000000070e-02,2.750390625000000000e+04,1
-1.91E+01,5.959004863000000114e+03,2.153800000000000000e+04,-2.22E+04,3.153079999999999772e-01,-6.39E-02,1.547757999999999967e+00,2.217000000000000000e+04,2.443336777585138702e+10,2.061991395700000066e+04,2.610799999999999926e-02,2.783203125000000000e+04,1
-1.42E+01,4.863689475999999559e+03,1.613300000000000000e+04,-1.87E+04,3.048100000000000254e-01,-3.59E-02,1.096300999999999970e+00,1.873200000000000000e+04,1.418369649153691292e+10,2.031121981600000072e+04,3.158600000000000296e-02,2.765625000000000000e+04,1
2.868604169999999840e+02,6.331980977000000166e+03,3.161700000000000000e+04,-3.16E+04,3.111570000000000169e-01,-5.31E-02,3.412914999999999921e+00,3.161700000000000000e+04,2.789069329629170227e+10,2.035485373700000127e+04,1.788700000000000012e-02,2.763281250000000000e+04,1
1.259093749999999972e+02,3.712221943000000010e+03,2.000100000000000000e+04,-1.63E+04,3.026119999999999921e-01,9.378999999999999837e-02,2.743783000000000083e+00,2.000100000000000000e+04,8.720153745157258987e+09,1.970206687800000145e+04,3.441199999999999815e-02,2.760937500000000000e+04,1
5.220832999999999835e+00,5.276038778000000093e+03,2.347600000000000000e+04,-2.40E+04,3.125000000000000000e-01,2.480000000000000000e-03,1.982051999999999925e+00,2.395800000000000000e+04,1.736824568479996872e+10,2.057981595499999821e+04,2.861599999999999908e-02,2.758593750000000000e+04,1
6.847552100000000053e+01,4.217280574000000342e+03,2.070200000000000000e+04,-2.48E+04,3.022460000000000147e-01,-6.23E-02,3.742669999999999941e+00,2.480900000000000000e+04,1.248760425850149727e+10,1.998799649000000136e+04,2.393299999999999941e-02,2.748046875000000000e+04,1
-2.32E+02,6.221497604000000138e+03,2.348500000000000000e+04,-2.37E+04,3.115229999999999944e-01,1.864999999999999991e-02,1.673559999999999937e+00,2.368200000000000000e+04,2.599668444938182831e+10,2.051157509500000015e+04,1.827499999999999958e-02,2.759765625000000000e+04,1
-2.25E+01,4.312277622999999949e+03,1.730200000000000000e+04,-1.71E+04,3.072509999999999963e-01,-7.92E-02,2.004662999999999862e+00,1.730200000000000000e+04,1.097954446512678337e+10,2.014118879200000083e+04,4.019199999999999856e-02,2.732812500000000000e+04,1
-2.08E+02,5.236168867999999748e+03,2.672800000000000000e+04,-2.43E+04,3.125000000000000000e-01,-4.47E-02,3.628610999999999809e+00,2.672800000000000000e+04,1.467744882709316826e+10,2.050579757500000051e+04,2.771500000000000005e-02,2.750390625000000000e+04,1
-2.57E+02,3.890024397000000135e+03,2.065900000000000000e+04,-1.83E+04,3.028560000000000141e-01,1.867419999999999913e-01,3.918223999999999929e+00,2.065900000000000000e+04,1.066016996564689255e+10,2.008260146700000041e+04,3.454000000000000126e-02,2.724609375000000000e+04,1
2.622447899999999876e+01,7.028217794000000140e+03,2.886600000000000000e+04,-2.74E+04,3.063960000000000017e-01,4.492199999999999666e-02,1.720569000000000015e+00,2.886600000000000000e+04,3.315140539593903351e+10,2.049120010499999989e+04,1.963600000000000068e-02,2.769140625000000000e+04,1
-2.40E+02,3.928263742000000093e+03,1.761200000000000000e+04,-1.81E+04,2.946779999999999955e-01,-8.58E-02,3.414718000000000142e+00,1.810300000000000000e+04,9.844334679186328888e+09,2.018853741699999955e+04,3.435699999999999865e-02,2.745703125000000000e+04,1
-1.79E+01,5.718997188999999707e+03,2.277000000000000000e+04,-2.30E+04,3.173830000000000262e-01,8.211100000000000343e-02,2.921705000000000219e+00,2.302900000000000000e+04,1.832845908926623154e+10,2.049397815800000171e+04,2.920000000000000026e-02,2.790234375000000000e+04,1
-4.45E+01,4.438592211999999563e+03,1.959800000000000000e+04,-2.04E+04,3.089600000000000124e-01,-1.95E-02,3.632760000000000211e+00,2.039300000000000000e+04,1.346061053242319489e+10,2.028748942900000111e+04,2.705400000000000166e-02,2.743359375000000000e+04,1
-1.64E+02,7.687114104999999654e+03,2.748500000000000000e+04,-2.75E+04,3.101809999999999845e-01,3.815600000000000241e-02,1.258216999999999919e+00,2.753300000000000000e+04,3.934292960735776520e+10,2.101296230300000025e+04,1.766699999999999868e-02,2.748046875000000000e+04,1
1.089166670000000039e+02,4.736709112999999888e+03,2.040000000000000000e+04,-2.15E+04,3.076169999999999738e-01,5.579699999999999938e-02,2.634072999999999887e+00,2.152300000000000000e+04,1.460240744974349785e+10,2.007783370999999897e+04,2.954400000000000082e-02,2.739843750000000000e+04,1
2.135645829999999989e+02,4.941600894999999582e+03,2.355700000000000000e+04,-2.05E+04,3.040769999999999862e-01,4.838400000000000339e-02,1.773605000000000098e+00,2.355700000000000000e+04,1.388042882050653839e+10,2.059483231900000101e+04,2.927000000000000088e-02,2.803125000000000000e+04,1
1.776822919999999897e+02,3.546107626999999866e+03,1.678200000000000000e+04,-1.68E+04,3.051760000000000028e-01,-2.95E-02,2.718138999999999861e+00,1.678900000000000000e+04,8.113007513358759880e+09,2.027307520700000168e+04,4.331200000000000327e-02,2.776171875000000000e+04,1
3.328645800000000321e+01,5.767212628999999652e+03,2.336500000000000000e+04,-2.41E+04,3.077389999999999848e-01,-8.86E-02,1.767905000000000060e+00,2.411700000000000000e+04,2.295832694414988708e+10,2.037763959999999861e+04,2.464500000000000024e-02,2.771484375000000000e+04,1
1.151885419999999982e+02,4.499872446999999738e+03,1.845600000000000000e+04,-1.80E+04,2.960209999999999786e-01,-1.69E-01,2.092245000000000132e+00,1.845600000000000000e+04,1.179486395981088638e+10,2.018085308000000077e+04,4.195499999999999924e-02,2.762109375000000000e+04,1
-1.14E+02,6.867559739000000263e+03,2.673400000000000000e+04,-2.84E+04,3.117679999999999896e-01,-4.12E-02,1.464202999999999921e+00,2.841800000000000000e+04,2.779962697761443710e+10,2.089828976899999907e+04,1.932499999999999843e-02,2.772656250000000000e+04,1
-1.81E+01,3.724322768999999880e+03,2.059500000000000000e+04,-2.38E+04,3.028560000000000141e-01,-1.12E-01,4.571759000000000128e+00,2.380200000000000000e+04,8.447525647593067169e+09,2.000073596399999951e+04,4.467900000000000343e-02,2.753906250000000000e+04,1
5.997500000000000142e+01,6.035849997999999687e+03,2.510600000000000000e+04,-2.60E+04,3.129879999999999884e-01,9.057400000000000173e-02,2.016162000000000010e+00,2.603000000000000000e+04,2.476579717766314697e+10,2.093251639699999942e+04,2.317900000000000169e-02,2.736328125000000000e+04,1
-9.83E+01,4.842404365999999754e+03,1.944300000000000000e+04,-2.23E+04,3.112789999999999724e-01,2.175200000000000050e-02,2.597001000000000115e+00,2.230800000000000000e+04,1.535932088278939438e+10,2.062528654399999868e+04,3.199899999999999967e-02,2.766796875000000000e+04,1
-4.24E+01,7.442709851999999955e+03,2.545200000000000000e+04,-2.71E+04,3.089600000000000124e-01,-1.13E-02,6.009780000000000122e-01,2.711700000000000000e+04,3.641458666241189575e+10,2.048451650299999892e+04,1.508499999999999945e-02,2.729296875000000000e+04,1
1.086442710000000034e+02,5.121333582000000206e+03,2.692200000000000000e+04,-2.49E+04,2.979740000000000166e-01,7.149199999999999999e-02,2.892847999999999864e+00,2.692200000000000000e+04,1.518604550294661522e+10,2.094663022800000181e+04,4.698999999999999705e-02,2.820703125000000000e+04,1
-1.93E+02,6.868629686000000220e+03,2.823000000000000000e+04,-2.82E+04,3.105470000000000175e-01,-7.26E-02,1.930806999999999940e+00,2.823000000000000000e+04,2.879726321516291046e+10,2.027068918299999859e+04,2.593200000000000019e-02,2.716406250000000000e+04,1
1.674062500000000142e+01,4.696209485999999742e+03,2.659600000000000000e+04,-2.28E+04,3.024899999999999811e-01,-9.22E-02,3.271621000000000112e+00,2.659600000000000000e+04,1.529796605719039345e+10,1.973182234400000016e+04,2.693900000000000114e-02,2.725781250000000000e+04,1
-7.41E+01,5.962027568999999858e+03,2.650900000000000000e+04,-2.50E+04,3.001710000000000211e-01,1.996600000000000041e-01,2.617239000000000093e+00,2.650900000000000000e+04,2.505897482285483932e+10,1.984290577199999825e+04,1.545799999999999952e-02,2.758593750000000000e+04,1
-1.68E+01,4.542934535000000324e+03,2.039900000000000000e+04,-2.01E+04,3.020019999999999927e-01,3.117100000000000079e-02,2.714992000000000072e+00,2.039900000000000000e+04,1.220310919471746254e+10,1.986978977300000042e+04,5.128300000000000219e-02,2.743359375000000000e+04,1
-3.38E+01,5.876737845999999990e+03,2.582400000000000000e+04,-2.65E+04,3.098139999999999783e-01,4.987300000000000066e-02,2.064188999999999830e+00,2.651500000000000000e+04,2.342630069011983109e+10,2.073815305000000080e+04,2.960799999999999890e-02,2.804296875000000000e+04,1
-6.16E+01,4.212445681000000150e+03,2.267900000000000000e+04,-2.09E+04,2.722169999999999868e-01,2.030359999999999943e-01,2.380646000000000040e+00,2.267900000000000000e+04,1.141768832522759819e+10,1.908160144099999889e+04,3.851099999999999662e-02,2.744531250000000000e+04,1
-4.85E+02,5.973154720000000452e+03,3.084700000000000000e+04,-3.11E+04,3.033449999999999758e-01,-1.74E-01,4.978266999999999776e+00,3.108200000000000000e+04,2.488365393414547348e+10,2.052002471299999888e+04,3.628300000000000275e-02,2.792578125000000000e+04,1
-4.44E+02,5.036226325999999972e+03,2.092300000000000000e+04,-2.79E+04,2.960209999999999786e-01,-1.73E-01,2.980032000000000014e+00,2.793400000000000000e+04,1.517433482263288307e+10,2.031575525399999970e+04,2.947900000000000173e-02,2.739843750000000000e+04,1
1.533052079999999933e+02,6.932977815000000192e+03,2.204500000000000000e+04,-2.31E+04,3.132320000000000104e-01,5.240000000000000517e-04,1.349900000000000058e-02,2.309700000000000000e+04,3.018451523512604904e+10,2.039296035800000027e+04,2.009100000000000122e-02,2.735156250000000000e+04,1
-3.98E+02,3.437327436000000034e+03,1.982400000000000000e+04,-1.48E+04,2.923580000000000068e-01,2.656629999999999825e-01,3.049577999999999900e+00,1.982400000000000000e+04,7.755976684772878647e+09,1.967898075800000152e+04,6.015199999999999714e-02,2.820703125000000000e+04,1
8.415729199999999821e+01,5.992910504000000401e+03,2.515700000000000000e+04,-2.34E+04,3.155519999999999992e-01,5.545100000000000029e-02,2.242665000000000131e+00,2.515700000000000000e+04,1.918557658152771378e+10,2.045053718700000172e+04,2.191299999999999845e-02,2.780859375000000000e+04,1
8.260208299999999326e+01,6.777896222999999736e+03,2.946300000000000000e+04,-2.92E+04,3.104250000000000065e-01,1.581780000000000130e-01,2.671006999999999909e+00,2.946300000000000000e+04,3.029179148683462524e+10,2.020843388499999855e+04,1.839100000000000110e-02,2.758593750000000000e+04,1
1.589375000000000000e+02,6.553758034000000407e+03,4.106500000000000000e+04,-4.31E+04,3.170169999999999932e-01,-1.17E-01,5.426190000000000069e+00,4.312400000000000000e+04,3.004813867101411438e+10,2.077420311199999924e+04,2.238100000000000159e-02,2.759765625000000000e+04,1
2.050338539999999909e+02,4.595048461999999745e+03,2.778500000000000000e+04,-3.20E+04,3.112789999999999724e-01,-4.98E-02,6.093751000000000140e+00,3.197900000000000000e+04,1.167636043615382576e+10,2.014733511400000134e+04,4.275999999999999940e-02,2.736328125000000000e+04,1
-3.70E+01,6.190782963999999993e+03,2.816300000000000000e+04,-2.74E+04,3.150629999999999820e-01,3.673599999999999782e-02,3.234427000000000163e+00,2.816300000000000000e+04,2.625375171358576584e+10,2.035523608900000181e+04,2.306400000000000117e-02,2.748046875000000000e+04,1
1.872869790000000023e+02,3.584980660000000171e+03,1.886600000000000000e+04,-1.66E+04,3.109129999999999949e-01,-6.39E-02,3.154687000000000019e+00,1.886600000000000000e+04,8.402399177214076042e+09,1.992392319399999906e+04,3.478200000000000042e-02,2.731640625000000000e+04,1
-1.59E+02,6.204519255999999586e+03,2.894500000000000000e+04,-3.00E+04,3.139649999999999941e-01,-2.57E-02,3.632340000000000124e+00,2.995100000000000000e+04,2.668051018125525284e+10,2.055476737599999979e+04,2.236199999999999993e-02,2.756250000000000000e+04,1
-1.54E+02,4.522550478000000112e+03,2.173000000000000000e+04,-2.17E+04,3.170169999999999932e-01,5.757500000000000118e-02,3.321356999999999893e+00,2.173000000000000000e+04,1.386599975869526863e+10,1.990832291800000166e+04,2.744900000000000118e-02,2.714062500000000000e+04,1
-4.20E+01,4.464842526999999791e+03,2.047300000000000000e+04,-2.04E+04,2.998049999999999882e-01,3.496200000000000002e-02,1.875655999999999990e+00,2.047300000000000000e+04,1.235908875620695877e+10,2.015582284799999979e+04,3.574900000000000300e-02,2.810156250000000000e+04,1
-2.88E+02,3.942436602000000221e+03,1.894800000000000000e+04,-2.07E+04,2.988279999999999825e-01,-7.39E-02,3.839427000000000145e+00,2.065300000000000000e+04,9.975504763225160599e+09,1.968320097700000042e+04,3.386499999999999927e-02,2.733984375000000000e+04,1
4.621979199999999821e+01,6.276108067000000119e+03,2.373900000000000000e+04,-2.68E+04,3.142090000000000161e-01,-6.64E-02,1.647126000000000090e+00,2.678300000000000000e+04,2.455993595126789474e+10,2.038228823099999863e+04,2.404500000000000040e-02,2.779687500000000000e+04,1
8.028385400000000516e+01,4.066782263999999941e+03,1.768900000000000000e+04,-2.34E+04,3.022460000000000147e-01,-2.45E-01,3.299619999999999997e+00,2.335900000000000000e+04,1.130642820663440704e+10,1.995299267300000065e+04,3.017900000000000096e-02,2.755078125000000000e+04,1
3.636197899999999805e+01,5.428820835999999872e+03,3.110600000000000000e+04,-2.46E+04,3.000490000000000101e-01,-4.30E-02,4.362424999999999997e+00,3.110600000000000000e+04,1.869286042560367203e+10,1.956273706099999981e+04,2.427299999999999944e-02,2.743359375000000000e+04,1
8.050416699999999537e+01,3.702105606999999964e+03,1.833500000000000000e+04,-2.03E+04,2.963870000000000116e-01,4.808599999999999680e-02,3.446692000000000089e+00,2.034800000000000000e+04,9.180893412022499084e+09,1.962789263399999982e+04,3.836400000000000227e-02,2.798437500000000000e+04,1
-9.61E+01,6.043476158999999825e+03,2.871000000000000000e+04,-2.95E+04,2.998049999999999882e-01,-6.65E-02,2.237108000000000096e+00,2.947200000000000000e+04,2.376311935033806992e+10,2.016443264800000179e+04,2.867400000000000157e-02,2.755078125000000000e+04,1
1.951890630000000044e+02,4.511663333000000421e+03,2.233600000000000000e+04,-2.41E+04,2.889399999999999746e-01,-8.22E-02,2.788737999999999939e+00,2.411100000000000000e+04,1.338112133691785812e+10,1.996584486000000106e+04,3.150800000000000128e-02,2.743359375000000000e+04,1
-3.95E+02,6.753611904999999751e+03,3.381700000000000000e+04,-2.99E+04,2.998049999999999882e-01,2.551300000000000096e-02,2.036535999999999902e+00,3.381700000000000000e+04,2.961377480789477158e+10,1.986004981499999849e+04,2.243699999999999861e-02,2.756250000000000000e+04,1
-1.76E+02,3.599078037000000222e+03,1.619600000000000000e+04,-2.19E+04,2.626950000000000118e-01,-7.80E-02,3.317628000000000021e+00,2.185700000000000000e+04,8.408426470658416748e+09,1.943088357399999950e+04,5.589500000000000024e-02,2.757421875000000000e+04,1
-9.37E+01,5.067224205000000438e+03,2.141900000000000000e+04,-2.35E+04,3.120120000000000116e-01,-2.23E-01,2.788568000000000158e+00,2.348600000000000000e+04,1.714970144490722656e+10,1.987633888400000069e+04,2.554800000000000126e-02,2.782031250000000000e+04,1
-2.48E+02,4.574090908999999556e+03,2.455000000000000000e+04,-2.07E+04,2.916259999999999963e-01,1.075800000000000020e-02,2.467324000000000073e+00,2.455000000000000000e+04,1.349013901691735840e+10,1.930039293299999918e+04,4.321300000000000141e-02,2.759765625000000000e+04,1
2.623848960000000261e+02,6.186733750999999756e+03,2.808000000000000000e+04,-2.81E+04,3.060300000000000242e-01,-2.33E-02,2.868177000000000199e+00,2.811500000000000000e+04,2.700723590526938248e+10,2.021675648000000001e+04,2.343900000000000150e-02,2.755078125000000000e+04,1
-8.28E+01,6.989470973999999842e+03,4.310000000000000000e+04,-3.42E+04,2.893069999999999808e-01,7.241200000000000414e-02,4.597628000000000270e+00,4.310000000000000000e+04,3.370435145814186096e+10,2.011669424699999945e+04,2.707100000000000131e-02,2.760937500000000000e+04,1
2.900312500000000071e+01,5.658171889000000192e+03,1.846300000000000000e+04,-1.76E+04,3.144529999999999825e-01,-9.35E-03,3.094000000000000083e-01,1.846300000000000000e+04,2.044561372547821045e+10,2.053451118299999871e+04,2.498699999999999879e-02,2.793750000000000000e+04,1
5.745046879999999874e+02,4.465428068999999596e+03,2.912700000000000000e+04,-2.63E+04,2.924800000000000177e-01,-1.13E-01,5.630837999999999788e+00,2.912700000000000000e+04,1.373401951880428696e+10,1.999536559800000032e+04,4.217499999999999721e-02,2.770312500000000000e+04,1
-3.18E+02,5.125765903000000435e+03,2.695300000000000000e+04,-2.73E+04,3.090820000000000234e-01,-7.58E-03,5.587657000000000096e+00,2.733200000000000000e+04,1.860804115118352890e+10,2.100581562199999826e+04,4.749599999999999655e-02,2.861718750000000000e+04,1
-2.23E+02,4.881127894000000197e+03,2.050500000000000000e+04,-2.27E+04,3.177490000000000037e-01,-9.29E-02,1.717472000000000110e+00,2.272600000000000000e+04,1.468753126085329819e+10,2.024244044500000018e+04,3.063600000000000004e-02,2.759765625000000000e+04,1
-1.90E+01,6.236581565999999839e+03,2.268100000000000000e+04,-2.20E+04,3.076169999999999738e-01,1.119500000000000009e-02,5.904629999999999601e-01,2.268100000000000000e+04,2.446943472196480179e+10,2.028372642899999846e+04,2.111499999999999835e-02,2.772656250000000000e+04,1
-3.68E+02,4.087601665000000139e+03,2.121400000000000000e+04,-1.69E+04,2.951659999999999839e-01,1.662029999999999896e-01,3.098669999999999813e+00,2.121400000000000000e+04,1.089832308901172256e+10,1.981972734800000035e+04,3.694900000000000267e-02,2.755078125000000000e+04,1
1.694932290000000137e+02,4.117822901999999885e+03,2.146500000000000000e+04,-2.30E+04,3.007810000000000206e-01,1.463649999999999951e-01,2.895840999999999887e+00,2.295800000000000000e+04,1.073309132224625015e+10,1.989422236600000178e+04,3.676900000000000307e-02,2.751562500000000000e+04,1
9.117031199999999558e+01,4.092889833000000181e+03,2.078800000000000000e+04,-1.89E+04,3.024899999999999811e-01,6.119700000000000140e-02,2.911030999999999924e+00,2.078800000000000000e+04,1.174126201956778336e+10,2.002586229699999967e+04,2.568199999999999997e-02,2.755078125000000000e+04,1
2.530968750000000114e+02,5.912759968999999728e+03,3.063800000000000000e+04,-3.41E+04,3.096920000000000228e-01,-1.30E-01,4.247272999999999854e+00,3.411200000000000000e+04,2.453903896182983398e+10,2.066116779500000121e+04,1.901299999999999865e-02,2.762109375000000000e+04,1
1.741500000000000057e+02,4.460687315000000126e+03,2.731600000000000000e+04,-2.56E+04,3.004149999999999876e-01,-3.56E-02,4.958372999999999919e+00,2.731600000000000000e+04,1.141140480981623077e+10,1.985141833499999848e+04,4.250199999999999811e-02,2.742187500000000000e+04,1
2.365484380000000044e+02,5.656468953999999940e+03,2.901300000000000000e+04,-2.79E+04,3.062739999999999907e-01,8.763799999999999368e-02,3.691929000000000016e+00,2.901300000000000000e+04,2.021337704330202103e+10,2.086945265199999994e+04,2.367199999999999860e-02,2.786718750000000000e+04,1
4.824718750000000114e+02,3.804898487999999816e+03,2.641300000000000000e+04,-2.63E+04,2.888180000000000192e-01,-9.16E-02,9.025684000000000040e+00,2.641300000000000000e+04,1.028040582070608139e+10,2.020374022300000070e+04,2.926600000000000035e-02,2.737500000000000000e+04,1
-4.80E+02,5.742990765999999894e+03,3.697000000000000000e+04,-3.29E+04,3.007810000000000206e-01,1.085379999999999956e-01,6.347775999999999641e+00,3.697000000000000000e+04,2.347281231768451309e+10,2.028673523700000078e+04,3.847699999999999732e-02,2.814843750000000000e+04,1
2.212989579999999989e+02,4.984239448999999695e+03,3.110000000000000000e+04,-3.14E+04,2.988279999999999825e-01,6.686300000000000576e-02,5.454588000000000214e+00,3.135200000000000000e+04,1.401308592936833191e+10,1.981009760000000097e+04,2.618099999999999941e-02,2.732812500000000000e+04,1
-4.42E+02,6.263375184000000445e+03,2.832000000000000000e+04,-2.53E+04,3.015140000000000042e-01,-1.26E-01,1.788734999999999964e+00,2.832000000000000000e+04,2.278444765012771225e+10,2.030021851500000048e+04,2.792400000000000090e-02,2.762109375000000000e+04,1
-4.57E+02,3.717292316000000028e+03,1.742900000000000000e+04,-2.10E+04,2.779539999999999789e-01,-6.86E-02,3.777352000000000043e+00,2.101100000000000000e+04,9.697037889009786606e+09,1.931693238099999871e+04,4.961499999999999938e-02,2.737500000000000000e+04,1
1.965671869999999899e+02,4.648157065999999759e+03,2.022500000000000000e+04,-2.26E+04,3.002929999999999766e-01,-2.81E-02,2.265242999999999896e+00,2.264200000000000000e+04,1.475791826123669815e+10,2.004823128699999870e+04,5.157799999999999885e-02,2.813671875000000000e+04,1
-1.92E+02,4.772462325999999848e+03,1.861000000000000000e+04,-2.03E+04,3.024899999999999811e-01,-1.56E-01,1.850449999999999928e+00,2.025400000000000000e+04,1.530264010251847649e+10,1.975443584499999997e+04,2.400300000000000003e-02,2.721093750000000000e+04,1
-2.16E+02,6.343945775999999569e+03,2.251100000000000000e+04,-2.70E+04,2.956539999999999724e-01,1.371000000000000040e-03,1.321547000000000027e+00,2.703800000000000000e+04,2.731499504603945541e+10,2.123160363700000016e+04,3.525799999999999768e-02,2.859375000000000000e+04,1
-2.58E+02,5.447686219999999594e+03,2.614000000000000000e+04,-2.65E+04,2.998049999999999882e-01,2.991399999999999962e-02,3.211215999999999848e+00,2.647700000000000000e+04,2.098194626093509674e+10,2.054037621900000158e+04,2.198299999999999907e-02,2.777343750000000000e+04,1
1.259671869999999956e+02,4.994411008000000038e+03,2.103100000000000000e+04,-2.42E+04,3.066409999999999969e-01,1.980499999999999969e-02,1.608603999999999923e+00,2.415600000000000000e+04,1.485684190411927414e+10,2.034005044199999975e+04,2.809000000000000039e-02,2.799609375000000000e+04,1
8.931093699999999558e+01,4.314095997999999781e+03,1.697100000000000000e+04,-1.98E+04,3.055419999999999803e-01,-9.72E-02,1.829798000000000036e+00,1.982900000000000000e+04,1.301787096554295921e+10,2.036984846399999878e+04,4.240399999999999725e-02,2.805468750000000000e+04,1
2.668364579999999933e+02,5.542903723999999784e+03,2.390300000000000000e+04,-2.55E+04,3.146970000000000045e-01,-1.16E-01,2.931167999999999996e+00,2.547000000000000000e+04,2.136116970064092636e+10,2.093682261400000061e+04,2.307100000000000123e-02,2.783203125000000000e+04,1
1.816182290000000137e+02,4.572066275999999561e+03,1.934300000000000000e+04,-2.05E+04,2.928470000000000240e-01,-3.05E-02,1.715125999999999928e+00,2.054600000000000000e+04,1.249870031517918777e+10,2.000451425100000051e+04,3.291399999999999881e-02,2.759765625000000000e+04,1
-7.60E+01,6.102474887000000308e+03,1.933500000000000000e+04,-2.20E+04,3.111570000000000169e-01,-5.83E-03,7.173300000000000232e-01,2.202200000000000000e+04,2.417298711875142288e+10,2.086760647800000152e+04,1.755699999999999969e-02,2.780859375000000000e+04,1
1.276661459999999977e+02,4.444230113999999958e+03,1.927900000000000000e+04,-2.15E+04,2.998049999999999882e-01,-1.64E-01,2.856916000000000011e+00,2.150500000000000000e+04,1.197017502413033104e+10,2.042018916499999978e+04,4.212699999999999778e-02,2.756250000000000000e+04,1
-2.15E+02,5.913715885999999955e+03,3.262800000000000000e+04,-3.00E+04,3.160399999999999876e-01,1.434320000000000039e-01,5.249394999999999811e+00,3.262800000000000000e+04,2.209074040104613495e+10,2.059048043799999868e+04,2.869700000000000029e-02,2.790234375000000000e+04,1
-2.38E+02,4.065002986999999848e+03,1.403000000000000000e+04,-1.76E+04,3.052980000000000138e-01,2.998699999999999977e-02,1.231352999999999920e+00,1.764900000000000000e+04,1.112883423803010368e+10,1.990203070899999875e+04,2.515399999999999928e-02,2.736328125000000000e+04,1
-1.30E+01,4.818548826999999619e+03,2.313500000000000000e+04,-2.21E+04,3.171390000000000042e-01,-2.88E-02,2.101090000000000124e+00,2.313500000000000000e+04,1.502707947092326927e+10,2.029978746099999989e+04,3.005499999999999838e-02,2.806640625000000000e+04,1
-1.91E+02,4.881937482000000273e+03,2.281800000000000000e+04,-2.36E+04,3.131099999999999994e-01,-4.43E-03,3.901120999999999839e+00,2.360000000000000000e+04,1.503918470662743950e+10,2.016304314299999896e+04,2.955899999999999847e-02,2.757421875000000000e+04,1
3.477651040000000080e+02,6.075814159999999902e+03,2.718900000000000000e+04,-3.01E+04,3.020019999999999927e-01,-8.27E-02,3.151550999999999991e+00,3.014900000000000000e+04,2.104725094449656296e+10,2.070425268700000015e+04,4.231499999999999845e-02,2.793750000000000000e+04,1
1.294843750000000000e+02,3.739990331999999853e+03,1.687400000000000000e+04,-1.66E+04,3.134770000000000056e-01,-5.94E-02,2.253141999999999978e+00,1.687400000000000000e+04,9.594206985920047760e+09,2.011285988100000031e+04,4.644000000000000211e-02,2.813671875000000000e+04,1
-1.67E+02,5.343226781999999730e+03,2.172200000000000000e+04,-2.32E+04,2.994379999999999820e-01,-1.35E-03,2.164336000000000038e+00,2.322000000000000000e+04,1.989043632350232315e+10,2.045875445499999842e+04,2.633299999999999877e-02,2.787890625000000000e+04,1
3.431817710000000261e+02,4.971953950000000077e+03,2.400100000000000000e+04,-2.23E+04,3.056639999999999913e-01,-3.13E-02,2.197277999999999842e+00,2.400100000000000000e+04,1.558188672542297554e+10,2.030042629099999976e+04,4.713500000000000328e-02,2.762109375000000000e+04,1
-2.12E+02,4.877040904000000410e+03,1.743200000000000000e+04,-2.19E+04,2.853999999999999870e-01,3.259100000000000191e-02,1.463940000000000019e+00,2.193800000000000000e+04,1.423750373756135750e+10,2.002002802599999995e+04,3.185299999999999937e-02,2.791406250000000000e+04,1
-1.87E+02,3.994108638000000155e+03,1.660000000000000000e+04,-1.82E+04,2.878419999999999868e-01,-1.15E-01,2.443535999999999930e+00,1.818400000000000000e+04,1.063813959693450737e+10,1.984193299299999853e+04,3.703999999999999654e-02,2.760937500000000000e+04,1
-2.54E+02,4.241899331999999958e+03,1.790300000000000000e+04,-1.94E+04,3.022460000000000147e-01,-5.81E-02,2.061246999999999829e+00,1.941100000000000000e+04,1.172535558254742432e+10,2.038104871500000081e+04,3.541500000000000203e-02,2.798437500000000000e+04,1
-4.06E+02,3.980091633000000002e+03,1.757800000000000000e+04,-1.63E+04,2.641600000000000059e-01,1.642000000000000013e-03,1.642323999999999895e+00,1.757800000000000000e+04,1.070974889956204033e+10,1.964143279899999834e+04,3.247699999999999892e-02,2.759765625000000000e+04,1
-3.79E+01,5.272304729999999836e+03,2.412500000000000000e+04,-2.23E+04,3.100589999999999735e-01,-2.44E-02,2.183228000000000169e+00,2.412500000000000000e+04,1.722112973196566391e+10,2.095559037399999943e+04,2.815199999999999994e-02,2.794921875000000000e+04,1
-1.79E+01,6.151556453000000147e+03,2.905900000000000000e+04,-2.80E+04,3.201899999999999746e-01,-3.69E-02,2.168244000000000060e+00,2.905900000000000000e+04,2.555775774909720230e+10,2.058501205499999924e+04,1.963900000000000021e-02,2.763281250000000000e+04,1
-9.82E+01,5.002149574000000030e+03,1.849400000000000000e+04,-1.74E+04,3.203119999999999856e-01,3.322800000000000059e-02,1.105528999999999984e+00,1.849400000000000000e+04,1.731144470820014572e+10,2.104720438099999956e+04,2.892700000000000132e-02,2.811328125000000000e+04,1
-1.44E+02,3.878343173000000206e+03,1.545100000000000000e+04,-1.71E+04,3.208010000000000028e-01,-1.21E-02,2.339920999999999918e+00,1.710700000000000000e+04,8.859978673720319748e+09,2.010691016099999979e+04,4.186000000000000137e-02,2.769140625000000000e+04,1
2.334296879999999987e+02,5.761018673999999919e+03,2.161200000000000000e+04,-2.19E+04,3.092039999999999789e-01,-2.96E-02,1.539258999999999933e+00,2.186900000000000000e+04,2.165953547055884171e+10,2.094217504600000029e+04,2.660099999999999965e-02,2.765625000000000000e+04,1
1.865124999999999886e+02,4.522654881000000387e+03,1.912100000000000000e+04,-1.81E+04,3.293460000000000276e-01,3.456100000000000144e-02,2.088909000000000127e+00,1.912100000000000000e+04,1.310107819821640205e+10,2.092766267700000026e+04,3.204499999999999710e-02,2.749218750000000000e+04,1
5.201979200000000247e+01,4.377029236000000310e+03,1.731200000000000000e+04,-1.71E+04,3.188480000000000203e-01,-9.65E-03,1.023670999999999998e+00,1.731200000000000000e+04,1.297708184977572060e+10,2.053928064299999824e+04,3.409899999999999737e-02,2.800781250000000000e+04,1
1.890770829999999876e+02,4.430109596999999667e+03,1.801200000000000000e+04,-1.88E+04,3.105470000000000175e-01,-3.35E-02,1.276612999999999998e+00,1.884900000000000000e+04,1.303826022574953842e+10,2.039724376299999858e+04,2.715100000000000152e-02,2.736328125000000000e+04,1
-9.02E+01,6.055352831999999580e+03,2.331500000000000000e+04,-2.53E+04,3.116459999999999786e-01,-4.21E-02,1.923575000000000035e+00,2.531900000000000000e+04,2.498175738784862137e+10,2.039232978699999876e+04,2.253099999999999895e-02,2.769140625000000000e+04,1
-4.05E+01,3.882569590999999946e+03,1.804100000000000000e+04,-1.90E+04,3.234859999999999958e-01,1.226089999999999958e-01,2.858868999999999883e+00,1.904000000000000000e+04,8.499592864246777534e+09,2.011709535400000095e+04,3.909300000000000275e-02,2.803125000000000000e+04,1
8.527604000000000184e+00,5.311571882999999616e+03,2.920200000000000000e+04,-2.67E+04,3.066409999999999969e-01,9.477499999999999813e-02,3.971601000000000159e+00,2.920200000000000000e+04,1.612101925392515373e+10,2.067619621800000095e+04,3.404599999999999987e-02,2.783203125000000000e+04,1
-1.91E+02,5.121591604999999618e+03,2.190200000000000000e+04,-2.33E+04,3.109129999999999949e-01,-2.62E-02,2.412703000000000042e+00,2.325100000000000000e+04,1.828129034078991318e+10,2.059960335100000157e+04,2.276699999999999904e-02,2.742187500000000000e+04,1
-1.02E+02,5.603202175999999781e+03,2.133400000000000000e+04,-1.89E+04,3.167719999999999980e-01,-3.45E-02,1.373626999999999931e+00,2.133400000000000000e+04,2.167654185348329926e+10,2.071265202499999941e+04,1.940700000000000064e-02,2.773828125000000000e+04,1
-1.67E+02,4.058569958000000042e+03,2.018800000000000000e+04,-1.91E+04,3.068850000000000189e-01,-1.03E-02,4.370120000000000005e+00,2.018800000000000000e+04,9.425143737947313309e+09,1.997783782399999836e+04,3.198100000000000248e-02,2.752734375000000000e+04,1
2.095223959999999863e+02,5.921552416999999878e+03,2.801400000000000000e+04,-2.67E+04,3.070069999999999744e-01,-7.80E-02,3.064773000000000192e+00,2.801400000000000000e+04,2.094796979479255676e+10,2.079728174999999828e+04,4.342700000000000032e-02,2.825390625000000000e+04,1
-1.51E+02,4.397270954999999958e+03,1.979300000000000000e+04,-2.04E+04,3.208010000000000028e-01,-9.31E-02,2.260297000000000001e+00,2.043500000000000000e+04,1.309399303522204590e+10,2.095778898900000058e+04,4.809700000000000086e-02,2.791406250000000000e+04,1
7.421302099999999768e+01,6.056709179999999833e+03,2.203500000000000000e+04,-2.37E+04,3.139649999999999941e-01,7.737700000000000133e-02,9.536339999999999817e-01,2.373300000000000000e+04,2.442314721920101929e+10,2.024775302300000112e+04,2.239999999999999977e-02,2.743359375000000000e+04,1
4.882239599999999768e+01,4.741091949999999997e+03,2.128900000000000000e+04,-2.34E+04,3.114009999999999834e-01,-4.64E-02,2.583223999999999965e+00,2.340100000000000000e+04,1.537509391383336258e+10,2.033170318799999950e+04,3.080499999999999905e-02,2.751562500000000000e+04,1
-3.99E+01,4.341360714999999800e+03,2.040100000000000000e+04,-1.92E+04,3.051760000000000028e-01,1.499230000000000007e-01,2.576696000000000097e+00,2.040100000000000000e+04,1.267913070775304031e+10,2.012812046299999929e+04,5.162699999999999928e-02,2.759765625000000000e+04,1
-6.13E+01,4.638844283999999789e+03,2.309200000000000000e+04,-1.94E+04,3.085939999999999794e-01,8.294300000000000284e-02,2.265004999999999935e+00,2.309200000000000000e+04,1.419116342257682991e+10,2.000001321800000005e+04,3.363700000000000023e-02,2.736328125000000000e+04,1
-2.14E+01,6.572044863000000078e+03,2.882200000000000000e+04,-2.94E+04,3.198239999999999972e-01,-2.41E-03,3.025303000000000075e+00,2.940300000000000000e+04,2.888693591962865829e+10,2.098291472499999873e+04,2.477100000000000135e-02,2.790234375000000000e+04,1
1.148348960000000005e+02,4.477720613999999841e+03,1.974200000000000000e+04,-2.01E+04,3.087159999999999904e-01,-1.12E-01,3.157313999999999954e+00,2.013200000000000000e+04,1.364161135987087059e+10,2.049722095999999874e+04,2.806300000000000114e-02,2.758593750000000000e+04,1
-3.33E-01,5.029899156999999832e+03,2.994300000000000000e+04,-3.88E+04,3.116459999999999786e-01,-1.43E-01,6.107652999999999999e+00,3.881700000000000000e+04,1.680673323921754265e+10,2.059924613300000055e+04,3.893599999999999839e-02,2.791406250000000000e+04,1
-1.80E+02,5.314384957000000213e+03,2.718300000000000000e+04,-2.59E+04,3.210450000000000248e-01,3.819999999999999785e-02,2.821344999999999992e+00,2.718300000000000000e+04,1.839554580798678970e+10,2.044953910399999950e+04,3.145200000000000079e-02,2.753906250000000000e+04,1
1.618057290000000137e+02,5.041430948000000171e+03,2.659500000000000000e+04,-2.80E+04,3.055419999999999803e-01,-1.09E-01,2.967874999999999819e+00,2.795200000000000000e+04,1.621518220574447250e+10,2.072579768200000035e+04,2.842499999999999888e-02,2.799609375000000000e+04,1
1.548604170000000124e+02,3.949750417000000198e+03,2.080400000000000000e+04,-1.94E+04,3.127440000000000220e-01,-9.47E-03,3.976914999999999978e+00,2.080400000000000000e+04,9.881688680079792023e+09,2.007724065600000176e+04,4.267499999999999766e-02,2.759765625000000000e+04,1
1.559338539999999966e+02,5.069465811000000031e+03,3.419700000000000000e+04,-3.10E+04,3.173830000000000262e-01,6.732599999999999696e-02,5.635766000000000275e+00,3.419700000000000000e+04,1.738081671603037643e+10,2.126003688799999873e+04,4.689100000000000212e-02,2.855859375000000000e+04,1
2.486286460000000034e+02,3.252291256999999860e+03,1.426700000000000000e+04,-1.61E+04,3.017580000000000262e-01,-8.22E-02,2.367017000000000149e+00,1.606700000000000000e+04,6.775938440874860764e+09,2.030476090000000113e+04,4.158099999999999991e-02,2.811328125000000000e+04,1
5.987499999999999822e+00,5.382869802000000163e+03,2.203100000000000000e+04,-2.68E+04,3.167719999999999980e-01,-4.07E-02,1.745111999999999997e+00,2.676700000000000000e+04,1.986012564406847000e+10,2.033396621299999970e+04,2.436400000000000024e-02,2.773828125000000000e+04,1
9.990520800000000179e+01,4.786974385999999868e+03,2.823200000000000000e+04,-2.39E+04,3.187260000000000093e-01,-7.48E-02,3.608610000000000095e+00,2.823200000000000000e+04,1.529508150244740105e+10,2.016316949000000022e+04,2.438399999999999943e-02,2.739843750000000000e+04,1
-7.80E+01,5.432520089999999982e+03,2.442600000000000000e+04,-2.61E+04,3.139649999999999941e-01,9.910700000000000065e-02,2.433295000000000208e+00,2.613900000000000000e+04,1.965830708740795898e+10,2.080336229299999832e+04,2.785400000000000029e-02,2.794921875000000000e+04,1
-6.71E+01,3.376941577999999936e+03,1.527200000000000000e+04,-1.79E+04,3.129879999999999884e-01,2.109139999999999904e-01,3.090342999999999840e+00,1.785500000000000000e+04,7.084516550166740417e+09,1.963569509299999845e+04,3.086799999999999961e-02,2.746875000000000000e+04,1
-9.48E+01,6.164078841999999895e+03,2.137400000000000000e+04,-2.44E+04,3.142090000000000161e-01,2.710999999999999868e-03,1.562712000000000101e+00,2.435300000000000000e+04,2.453253214983636475e+10,2.076164507099999901e+04,2.242200000000000096e-02,2.783203125000000000e+04,1
-1.66E+01,5.040878945000000385e+03,2.164200000000000000e+04,-2.30E+04,3.178710000000000147e-01,8.092399999999999594e-02,1.717028999999999916e+00,2.296400000000000000e+04,1.610242732696058273e+10,2.077560311799999909e+04,3.097499999999999906e-02,2.753906250000000000e+04,1
8.657083299999999326e+01,5.843011241000000155e+03,3.146200000000000000e+04,-3.10E+04,3.079830000000000068e-01,-3.46E-02,3.959318000000000115e+00,3.146200000000000000e+04,2.222329840113837814e+10,2.042860838099999819e+04,2.746699999999999836e-02,2.775000000000000000e+04,1
7.689062999999999981e+00,3.904751323999999840e+03,2.151600000000000000e+04,-2.04E+04,3.088380000000000014e-01,-8.99E-02,4.746019999999999683e+00,2.151600000000000000e+04,1.065292296037669182e+10,2.045083337699999902e+04,3.512200000000000044e-02,2.779687500000000000e+04,1
-2.27E+01,5.500424272999999630e+03,3.360400000000000000e+04,-2.96E+04,3.178710000000000147e-01,5.178800000000000070e-02,6.176267000000000174e+00,3.360400000000000000e+04,2.103966493524561691e+10,2.099146186400000079e+04,2.726999999999999910e-02,2.758593750000000000e+04,1
6.671875000000000000e+01,5.576297515999999632e+03,2.674600000000000000e+04,-2.71E+04,3.218989999999999907e-01,3.976299999999999973e-02,3.282944000000000084e+00,2.708200000000000000e+04,1.920640958585700607e+10,2.050672858400000041e+04,2.522900000000000142e-02,2.741015625000000000e+04,1
-3.96E+01,6.326616482999999789e+03,2.712700000000000000e+04,-2.44E+04,3.137210000000000276e-01,3.996600000000000152e-02,1.602230999999999961e+00,2.712700000000000000e+04,2.645022075945490646e+10,2.097570058799999970e+04,2.135599999999999998e-02,2.789062500000000000e+04,1
-1.64E+02,4.140886193000000276e+03,2.386400000000000000e+04,-2.23E+04,3.129879999999999884e-01,6.764599999999999780e-02,4.916752999999999929e+00,2.386400000000000000e+04,1.116866387697833061e+10,2.055552652999999918e+04,3.556900000000000339e-02,2.757421875000000000e+04,1
-1.96E+02,5.215519282000000203e+03,2.589300000000000000e+04,-2.45E+04,3.018799999999999817e-01,-3.92E-02,2.869876000000000094e+00,2.589300000000000000e+04,1.715448200369692993e+10,2.034029996400000164e+04,3.074100000000000096e-02,2.771484375000000000e+04,1
4.650343750000000114e+02,4.508290358999999626e+03,2.260300000000000000e+04,-2.30E+04,2.813720000000000110e-01,-2.13E-02,3.212574000000000041e+00,2.303200000000000000e+04,1.387292130724686432e+10,2.009953408499999932e+04,4.228900000000000020e-02,2.787890625000000000e+04,1
2.960927080000000160e+02,6.947253466000000117e+03,3.207400000000000000e+04,-3.41E+04,3.122559999999999780e-01,-1.01E-01,2.983369000000000160e+00,3.407500000000000000e+04,3.109033770430584717e+10,2.075905333800000153e+04,2.677399999999999919e-02,2.778515625000000000e+04,1
-7.53E+01,5.484360058999999637e+03,2.810600000000000000e+04,-3.01E+04,3.012699999999999823e-01,-1.61E-01,3.762812999999999963e+00,3.009600000000000000e+04,2.058757536909325409e+10,2.082787055999999939e+04,3.576300000000000312e-02,2.787890625000000000e+04,1
1.963489600000000124e+01,4.843969229000000269e+03,2.575900000000000000e+04,-2.84E+04,2.968750000000000000e-01,-1.80E-01,4.694574000000000247e+00,2.835400000000000000e+04,1.634704274863191223e+10,2.030451152000000002e+04,5.071200000000000013e-02,2.801953125000000000e+04,1
4.691026039999999853e+02,5.814180312999999842e+03,2.374800000000000000e+04,-2.07E+04,2.965090000000000225e-01,-1.83E-02,8.474709999999999743e-01,2.374800000000000000e+04,2.202936165192135620e+10,2.006715300600000046e+04,2.382300000000000043e-02,2.759765625000000000e+04,1
-6.12E+01,7.070271346999999878e+03,3.623700000000000000e+04,-3.66E+04,3.043210000000000082e-01,-7.45E-02,2.545354999999999812e+00,3.660400000000000000e+04,3.010217859012873459e+10,2.042391007900000113e+04,1.863799999999999832e-02,2.745703125000000000e+04,1
-3.18E+02,5.102031055999999808e+03,2.516800000000000000e+04,-2.43E+04,3.049319999999999808e-01,-1.19E-01,4.304984000000000144e+00,2.516800000000000000e+04,1.790711392427614212e+10,1.998127162899999894e+04,2.835800000000000126e-02,2.728125000000000000e+04,1
-9.61E+01,4.153340487000000394e+03,2.219300000000000000e+04,-2.19E+04,2.978520000000000056e-01,1.605090000000000128e-01,3.271459999999999813e+00,2.219300000000000000e+04,1.133356542298145103e+10,2.057850860100000136e+04,4.925199999999999717e-02,2.817187500000000000e+04,1
-1.60E+02,5.382025668000000223e+03,2.409500000000000000e+04,-2.16E+04,3.118900000000000006e-01,3.542499999999999816e-02,1.957190999999999903e+00,2.409500000000000000e+04,1.918198240990694427e+10,2.001539273099999991e+04,2.038399999999999934e-02,2.737500000000000000e+04,1
-1.70E+02,5.509119727999999668e+03,2.814600000000000000e+04,-2.32E+04,3.068850000000000189e-01,-2.50E-02,2.742983000000000171e+00,2.814600000000000000e+04,1.899874294228581238e+10,2.017799565200000143e+04,3.524499999999999855e-02,2.771484375000000000e+04,1
-1.72E+02,4.448577557999999954e+03,1.764600000000000000e+04,-2.11E+04,2.982179999999999831e-01,-3.32E-02,1.772976000000000107e+00,2.109900000000000000e+04,1.226103316031543922e+10,1.993442500099999961e+04,3.067900000000000141e-02,2.769140625000000000e+04,1
-1.48E+02,5.239045239000000038e+03,2.105300000000000000e+04,-2.35E+04,3.016360000000000152e-01,-5.54E-03,2.447747999999999813e+00,2.352900000000000000e+04,1.816217797003498459e+10,1.997131348900000012e+04,2.753200000000000092e-02,2.739843750000000000e+04,1
-1.97E+02,4.085460944999999811e+03,2.142900000000000000e+04,-2.25E+04,3.114009999999999834e-01,-1.62E-01,4.570566999999999602e+00,2.245900000000000000e+04,1.137737295291785049e+10,1.984391399000000092e+04,3.974400000000000155e-02,2.755078125000000000e+04,1
5.201874999999999716e+01,4.890289936999999554e+03,2.337600000000000000e+04,-2.38E+04,2.788089999999999735e-01,-1.29E-01,3.668344999999999967e+00,2.379800000000000000e+04,1.692322225328693962e+10,2.025387498399999822e+04,4.652400000000000285e-02,2.769140625000000000e+04,1
-1.46E+02,5.840668751000000157e+03,2.065700000000000000e+04,-2.45E+04,3.039549999999999752e-01,-2.44E-02,1.591873000000000093e+00,2.450200000000000000e+04,2.021357339948560333e+10,2.000848841800000082e+04,2.951900000000000010e-02,2.738671875000000000e+04,1
-3.20E+02,5.730588593000000401e+03,3.181200000000000000e+04,-2.66E+04,3.006590000000000096e-01,6.487600000000000311e-02,3.217096999999999873e+00,3.181200000000000000e+04,2.097581779426066208e+10,2.045950268900000083e+04,3.504600000000000076e-02,2.766796875000000000e+04,1
1.824838540000000080e+02,4.062295790000000125e+03,2.328900000000000000e+04,-2.01E+04,2.790529999999999955e-01,-1.39E-01,4.669084999999999930e+00,2.328900000000000000e+04,1.109145234647208786e+10,2.010925108700000055e+04,5.492699999999999666e-02,2.763281250000000000e+04,1
-6.55E+01,3.838398689999999988e+03,2.201000000000000000e+04,-2.32E+04,3.029789999999999983e-01,2.178529999999999911e-01,4.258522000000000141e+00,2.315100000000000000e+04,1.018131165978168106e+10,1.994646818400000120e+04,5.240100000000000313e-02,2.791406250000000000e+04,1
-2.16E+02,5.643795847000000322e+03,2.773100000000000000e+04,-2.34E+04,2.972409999999999775e-01,1.929960000000000009e-01,2.625926999999999900e+00,2.773100000000000000e+04,1.927229527889240265e+10,2.011811537300000055e+04,2.559200000000000016e-02,2.738671875000000000e+04,1
5.411463539999999739e+02,5.709742655000000013e+03,3.050200000000000000e+04,-2.39E+04,2.960209999999999786e-01,1.070300000000000071e-02,2.279276999999999997e+00,3.050200000000000000e+04,2.181688303054659271e+10,2.038140059900000051e+04,2.256899999999999878e-02,2.811328125000000000e+04,1
4.597578120000000013e+02,3.390465156000000206e+03,1.919200000000000000e+04,-1.86E+04,2.961429999999999896e-01,4.281100000000000183e-02,3.402645999999999837e+00,1.919200000000000000e+04,7.070959014981839180e+09,2.091316388699999879e+04,6.193800000000000000e-02,2.857031250000000000e+04,1
-5.54E+02,5.251409494000000450e+03,2.232300000000000000e+04,-2.74E+04,2.957759999999999834e-01,-1.93E-01,2.786026999999999809e+00,2.735700000000000000e+04,1.771970919786290359e+10,2.007576863400000002e+04,6.398199999999999721e-02,2.865234375000000000e+04,1
9.240781300000000442e+01,4.336920817000000170e+03,2.747900000000000000e+04,-2.24E+04,2.788089999999999735e-01,1.654879999999999962e-01,3.160020999999999969e+00,2.747900000000000000e+04,1.233399166385758400e+10,1.974256760500000019e+04,4.929499999999999854e-02,2.793750000000000000e+04,1
-3.99E+02,6.234555419000000256e+03,2.667600000000000000e+04,-2.77E+04,2.950439999999999729e-01,3.715799999999999659e-02,1.049277999999999933e+00,2.773900000000000000e+04,2.543576483371137619e+10,2.009590787300000011e+04,2.429600000000000162e-02,2.784375000000000000e+04,1
-5.82E+02,4.607664096000000427e+03,2.499600000000000000e+04,-2.02E+04,2.661129999999999884e-01,1.862400000000000166e-02,3.019505000000000106e+00,2.499600000000000000e+04,1.460278099968834305e+10,1.985652825200000007e+04,6.685099999999999376e-02,2.823046875000000000e+04,1
-3.67E+01,3.887629007000000001e+03,1.740700000000000000e+04,-1.75E+04,2.890619999999999856e-01,2.779699999999999879e-02,2.219669999999999810e+00,1.746300000000000000e+04,1.014989260380037689e+10,1.966894152699999904e+04,4.011100000000000082e-02,2.793750000000000000e+04,1
-4.48E+02,4.336436477999999624e+03,1.914300000000000000e+04,-2.06E+04,2.724610000000000087e-01,-2.29E-01,2.473707999999999796e+00,2.062800000000000000e+04,1.259477359723735428e+10,1.941030619400000069e+04,4.702900000000000136e-02,2.776171875000000000e+04,1
3.391755210000000034e+02,5.914622333000000253e+03,2.571000000000000000e+04,-2.76E+04,2.890619999999999856e-01,-1.77E-01,1.523886999999999992e+00,2.755600000000000000e+04,2.227624733304304886e+10,2.031136120999999912e+04,2.157999999999999849e-02,2.780859375000000000e+04,1
4.508749999999999858e+01,3.932714950000000044e+03,2.421000000000000000e+04,-2.61E+04,2.788089999999999735e-01,-2.50E-01,4.721405999999999992e+00,2.608200000000000000e+04,9.952721926705133438e+09,1.955895883500000127e+04,3.439899999999999902e-02,2.773828125000000000e+04,1
3.638286459999999920e+02,4.446789631999999983e+03,2.005600000000000000e+04,-1.82E+04,3.022460000000000147e-01,7.107399999999999829e-02,1.530534000000000061e+00,2.005600000000000000e+04,1.313422136244224548e+10,2.012862559699999838e+04,3.179099999999999981e-02,2.814843750000000000e+04,1
4.195562499999999773e+02,3.718965529999999944e+03,1.461400000000000000e+04,-1.94E+04,2.578119999999999856e-01,-9.80E-02,1.766861999999999933e+00,1.936500000000000000e+04,9.254235616297746658e+09,1.961072882000000027e+04,3.760999999999999760e-02,2.772656250000000000e+04,1
-1.72E+02,5.297448884999999791e+03,1.880300000000000000e+04,-2.39E+04,3.125000000000000000e-01,-1.08E-01,1.448831999999999898e+00,2.393000000000000000e+04,1.873878070456218719e+10,2.045982686499999909e+04,3.045099999999999890e-02,2.787890625000000000e+04,1
1.290124999999999886e+02,4.014308477999999923e+03,1.720300000000000000e+04,-1.90E+04,2.957759999999999834e-01,-1.35E-01,2.487978000000000023e+00,1.902000000000000000e+04,1.043519886569658089e+10,1.937143124600000010e+04,3.958899999999999919e-02,2.743359375000000000e+04,1
-2.93E+02,5.319497973999999886e+03,2.063700000000000000e+04,-1.84E+04,3.099370000000000180e-01,7.946400000000000685e-02,7.844740000000000046e-01,2.063700000000000000e+04,1.818018399368689346e+10,1.996175895999999921e+04,5.212499999999999772e-02,2.785546875000000000e+04,1
-1.55E+02,3.255487020999999913e+03,1.656300000000000000e+04,-1.64E+04,3.052980000000000138e-01,4.919500000000000262e-02,3.325282000000000071e+00,1.656300000000000000e+04,7.348742489037288666e+09,1.969320710799999870e+04,6.025200000000000000e-02,2.742187500000000000e+04,1
-1.88E+02,3.636556167000000187e+03,1.953100000000000000e+04,-1.82E+04,2.900389999999999913e-01,1.831609999999999905e-01,2.867920999999999943e+00,1.953100000000000000e+04,9.181954158722871780e+09,1.978765210099999967e+04,3.780000000000000027e-02,2.805468750000000000e+04,1
-1.75E+02,4.115093165999999655e+03,1.654200000000000000e+04,-1.83E+04,3.026119999999999921e-01,6.748600000000000432e-02,1.282675000000000010e+00,1.827000000000000000e+04,1.080290980617988396e+10,1.927976861600000120e+04,2.981699999999999975e-02,2.749218750000000000e+04,1
8.517395799999999895e+01,6.530616097000000082e+03,2.590600000000000000e+04,-2.57E+04,3.078609999999999958e-01,2.699000000000000010e-03,1.039036999999999988e+00,2.590600000000000000e+04,2.811256649213602829e+10,2.016418806400000176e+04,1.883900000000000158e-02,2.764453125000000000e+04,1
-2.30E+02,3.289385345000000143e+03,1.932100000000000000e+04,-1.56E+04,2.824710000000000276e-01,7.917699999999999738e-02,3.857152999999999832e+00,1.932100000000000000e+04,7.048990937088224411e+09,1.917923417100000006e+04,4.240900000000000225e-02,2.731640625000000000e+04,1
1.316718799999999945e+01,3.764634110999999848e+03,1.385600000000000000e+04,-1.46E+04,3.209230000000000138e-01,1.397650000000000003e-01,1.392309000000000019e+00,1.463700000000000000e+04,9.428657812672290802e+09,2.101664382800000021e+04,5.217399999999999816e-02,2.835937500000000000e+04,1
1.318249999999999886e+02,2.429834691000000021e+03,1.245700000000000000e+04,-1.09E+04,3.085939999999999794e-01,-5.58E-02,3.230173999999999879e+00,1.245700000000000000e+04,3.851691079834300995e+09,2.044378119499999957e+04,6.790599999999999414e-02,2.862890625000000000e+04,1
-3.11E+01,3.902646800999999869e+03,1.776100000000000000e+04,-1.76E+04,3.220210000000000017e-01,4.808300000000000074e-02,2.989850000000000119e+00,1.776100000000000000e+04,9.114293159325326920e+09,2.116152735499999835e+04,4.140300000000000230e-02,2.807812500000000000e+04,1
1.572802079999999876e+02,4.384848428000000240e+03,2.016700000000000000e+04,-1.83E+04,3.101809999999999845e-01,1.566999999999999990e-02,1.811927999999999983e+00,2.016700000000000000e+04,1.269001516749805832e+10,2.092379162699999870e+04,3.379200000000000259e-02,2.770312500000000000e+04,1
-1.94E+02,3.808342606000000160e+03,1.590800000000000000e+04,-1.71E+04,3.253170000000000228e-01,-2.32E-02,1.657294000000000045e+00,1.705800000000000000e+04,9.143015311476509094e+09,2.017937206499999957e+04,4.053799999999999765e-02,2.796093750000000000e+04,1
1.754218750000000000e+02,3.845821289999999863e+03,1.795500000000000000e+04,-2.15E+04,3.209230000000000138e-01,-5.90E-03,4.489544999999999675e+00,2.146100000000000000e+04,1.029659588635718536e+10,2.128582814199999848e+04,3.331400000000000333e-02,2.777343750000000000e+04,1
-2.76E+02,3.286849111999999877e+03,1.712700000000000000e+04,-1.59E+04,3.262939999999999729e-01,-5.16E-03,3.665578000000000003e+00,1.712700000000000000e+04,7.643998907693147659e+09,2.098572417299999870e+04,4.281499999999999889e-02,2.834765625000000000e+04,1
-3.71E+02,4.858789157999999588e+03,2.131000000000000000e+04,-2.00E+04,3.078609999999999958e-01,1.940300000000000011e-02,2.295049999999999812e+00,2.131000000000000000e+04,1.503018529578120804e+10,2.028771598000000085e+04,3.582099999999999868e-02,2.770312500000000000e+04,1
1.766609369999999899e+02,4.207371748999999909e+03,1.709300000000000000e+04,-1.51E+04,3.203119999999999856e-01,-9.93E-02,1.261058000000000012e+00,1.709300000000000000e+04,1.174308780547550774e+10,2.106473709600000075e+04,3.875599999999999878e-02,2.808984375000000000e+04,1
-2.72E+02,3.876846109999999953e+03,1.912600000000000000e+04,-1.76E+04,3.189699999999999758e-01,5.308600000000000124e-02,2.887458000000000080e+00,1.912600000000000000e+04,1.019723396385940361e+10,2.050664147500000036e+04,3.102800000000000002e-02,2.777343750000000000e+04,1
5.343270830000000160e+02,4.027882474999999886e+03,2.667200000000000000e+04,-2.79E+04,3.222659999999999969e-01,-2.11E-02,7.979542999999999608e+00,2.785100000000000000e+04,1.160607467039660835e+10,2.086506685300000026e+04,3.853199999999999681e-02,2.812500000000000000e+04,1
5.573755210000000488e+02,5.193251178999999865e+03,3.421200000000000000e+04,-3.79E+04,2.934570000000000234e-01,-2.42E-01,5.815986999999999796e+00,3.790000000000000000e+04,1.547799499574762917e+10,2.097165310600000157e+04,3.965099999999999875e-02,2.773828125000000000e+04,1
-8.17E+01,3.422645086999999876e+03,1.676000000000000000e+04,-1.57E+04,3.326419999999999932e-01,2.099650000000000127e-01,3.071759000000000128e+00,1.676000000000000000e+04,7.720546176885909081e+09,2.045485682299999826e+04,5.002399999999999902e-02,2.812500000000000000e+04,1
4.181348960000000261e+02,4.806722463000000062e+03,2.838700000000000000e+04,-2.73E+04,3.193360000000000087e-01,1.191750000000000032e-01,4.105865999999999794e+00,2.838700000000000000e+04,1.552314709821718216e+10,2.092402636300000086e+04,4.501200000000000340e-02,2.806640625000000000e+04,1
-6.70E+02,3.523111789999999928e+03,1.649400000000000000e+04,-1.88E+04,2.900389999999999913e-01,2.842700000000000088e-02,3.926641000000000048e+00,1.880500000000000000e+04,9.014341731247005463e+09,2.060385179499999867e+04,6.104400000000000104e-02,2.832421875000000000e+04,1
-4.48E+02,3.772075737000000117e+03,2.110500000000000000e+04,-2.47E+04,3.074950000000000183e-01,2.236910000000000009e-01,5.311898000000000231e+00,2.466900000000000000e+04,1.016452916178775978e+10,2.097034666899999866e+04,6.570700000000000152e-02,2.844140625000000000e+04,1
-2.72E+02,2.322204818000000159e+03,1.066000000000000000e+04,-1.33E+04,3.173830000000000262e-01,-3.69E-02,3.484782000000000046e+00,1.334200000000000000e+04,3.486909763016274929e+09,2.086083632099999886e+04,7.840900000000000647e-02,2.912109375000000000e+04,1
-5.28E+02,4.536434946000000309e+03,2.210600000000000000e+04,-2.46E+04,3.044430000000000192e-01,-7.19E-02,4.026072000000000095e+00,2.463300000000000000e+04,1.381876253218194008e+10,2.049937969399999929e+04,2.968799999999999911e-02,2.766796875000000000e+04,1
3.140182290000000194e+02,3.856625235999999859e+03,1.778600000000000000e+04,-1.62E+04,3.280029999999999890e-01,-3.86E-02,2.186488999999999905e+00,1.778600000000000000e+04,9.725335463390628815e+09,2.056260789999999906e+04,4.078099999999999781e-02,2.827734375000000000e+04,1
6.119635399999999947e+01,3.498513683000000128e+03,1.890900000000000000e+04,-1.65E+04,3.209230000000000138e-01,3.512400000000000244e-02,3.967868999999999868e+00,1.890900000000000000e+04,8.209594130994649887e+09,2.121273028200000044e+04,6.342100000000000515e-02,2.871093750000000000e+04,1
9.129427099999999484e+01,5.617387469999999666e+03,3.089200000000000000e+04,-2.55E+04,3.173830000000000262e-01,3.963099999999999956e-02,3.321642000000000206e+00,3.089200000000000000e+04,1.972033359161067581e+10,2.026934679999999935e+04,2.300500000000000114e-02,2.750390625000000000e+04,1
5.945624999999999716e+01,4.837229309000000285e+03,2.370000000000000000e+04,-2.63E+04,3.110350000000000059e-01,-1.10E-01,2.848430000000000017e+00,2.630100000000000000e+04,1.528699922576709747e+10,2.065008733800000118e+04,3.645500000000000129e-02,2.767968750000000000e+04,1
1.230312499999999964e+01,4.018137401999999838e+03,1.513100000000000000e+04,-1.78E+04,2.935789999999999789e-01,-8.81E-02,1.760030999999999901e+00,1.778100000000000000e+04,1.043069712324079704e+10,2.015205104700000084e+04,3.346400000000000069e-02,2.808984375000000000e+04,1
7.208906199999999842e+01,3.919130337000000054e+03,2.233700000000000000e+04,-2.69E+04,3.081050000000000177e-01,8.379399999999999349e-02,3.970927999999999791e+00,2.687200000000000000e+04,1.003548264907430649e+10,1.974837760100000014e+04,3.892500000000000127e-02,2.758593750000000000e+04,1
-2.65E+02,4.144509202999999616e+03,1.290500000000000000e+04,-1.56E+04,2.954100000000000059e-01,-1.89E-01,5.860490000000000421e-01,1.562100000000000000e+04,1.057240303123222160e+10,1.968795657600000050e+04,3.470499999999999974e-02,2.813671875000000000e+04,1
2.717500000000000000e+02,2.956658023999999841e+03,1.483900000000000000e+04,-1.20E+04,2.966309999999999780e-01,1.754189999999999916e-01,2.340943000000000218e+00,1.483900000000000000e+04,6.099623359234827995e+09,2.006675973399999930e+04,5.548199999999999660e-02,2.852343750000000000e+04,1
2.501671880000000101e+02,4.364987995000000410e+03,2.267800000000000000e+04,-2.36E+04,3.049319999999999808e-01,1.971120000000000094e-01,4.818635999999999697e+00,2.364600000000000000e+04,1.306345662640272141e+10,2.027396968900000138e+04,4.656400000000000122e-02,2.757421875000000000e+04,1
-5.26E+02,3.648555071000000225e+03,1.819900000000000000e+04,-2.13E+04,2.882080000000000197e-01,-1.33E-01,2.388147000000000020e+00,2.128900000000000000e+04,8.660000421184402466e+09,1.965606133000000045e+04,2.957399999999999959e-02,2.764453125000000000e+04,1
-2.69E+02,5.128199853000000076e+03,2.255100000000000000e+04,-2.27E+04,2.961429999999999896e-01,3.054400000000000170e-02,2.254151999999999934e+00,2.273400000000000000e+04,1.521992035224388123e+10,1.982022491299999820e+04,2.642600000000000157e-02,2.751562500000000000e+04,1
-1.47E+01,4.181379394999999931e+03,2.168500000000000000e+04,-2.00E+04,2.937009999999999899e-01,1.144050000000000067e-01,3.107543999999999862e+00,2.168500000000000000e+04,1.142856461102790833e+10,2.008150688599999921e+04,4.086599999999999955e-02,2.757421875000000000e+04,1
-2.98E+02,5.206221486999999797e+03,1.833800000000000000e+04,-2.03E+04,3.027340000000000031e-01,1.156199999999999936e-02,1.722561999999999927e+00,2.029500000000000000e+04,1.666326861247446632e+10,2.055528209599999900e+04,3.822600000000000303e-02,2.799609375000000000e+04,1
-1.75E+02,3.347236280000000079e+03,1.755200000000000000e+04,-1.70E+04,2.774659999999999904e-01,4.519499999999999906e-02,4.108990000000000364e+00,1.755200000000000000e+04,7.161010233448015213e+09,1.922316457100000116e+04,3.761799999999999866e-02,2.749218750000000000e+04,1
5.875661460000000034e+02,4.923369123000000400e+03,2.344500000000000000e+04,-1.91E+04,2.796629999999999949e-01,1.849490000000000023e-01,1.693904000000000076e+00,2.344500000000000000e+04,1.747722470293049622e+10,1.989045483299999978e+04,2.096299999999999900e-02,2.785546875000000000e+04,1
-1.30E+02,4.342908072999999604e+03,1.612300000000000000e+04,-1.72E+04,3.059080000000000132e-01,8.905299999999999327e-02,1.666825000000000001e+00,1.721300000000000000e+04,1.178648798924958420e+10,1.996389256999999998e+04,3.821000000000000091e-02,2.749218750000000000e+04,1
6.007708300000000179e+01,5.281200020999999651e+03,2.648800000000000000e+04,-2.70E+04,3.072509999999999963e-01,2.033099999999999838e-02,2.991699000000000108e+00,2.704700000000000000e+04,1.670892786136089706e+10,1.993462220900000102e+04,3.718400000000000177e-02,2.758593750000000000e+04,1
2.456005209999999863e+02,3.715845581999999922e+03,1.814400000000000000e+04,-1.72E+04,2.954100000000000059e-01,1.042580000000000034e-01,2.721633000000000191e+00,1.814400000000000000e+04,9.669101457920557022e+09,1.939319915200000105e+04,4.176799999999999957e-02,2.773828125000000000e+04,1
-5.20E+02,4.998671140000000378e+03,2.369200000000000000e+04,-2.86E+04,3.002929999999999766e-01,-1.25E-01,3.750528000000000084e+00,2.860400000000000000e+04,1.766261392553195572e+10,2.059072063899999921e+04,2.053900000000000170e-02,2.778515625000000000e+04,1
2.308114579999999876e+02,4.529564056999999593e+03,2.528900000000000000e+04,-2.19E+04,3.032230000000000203e-01,-4.86E-02,3.495874000000000148e+00,2.528900000000000000e+04,1.281685608530029488e+10,1.989763571400000001e+04,3.434799999999999659e-02,2.749218750000000000e+04,1
-6.78E+01,5.315589587999999821e+03,2.783300000000000000e+04,-2.70E+04,2.916259999999999963e-01,7.143399999999999750e-02,2.891357999999999873e+00,2.783300000000000000e+04,1.770623715631073761e+10,2.038417136599999867e+04,2.774899999999999936e-02,2.764453125000000000e+04,1
-3.83E+02,3.820646173999999974e+03,2.018500000000000000e+04,-2.15E+04,2.821040000000000214e-01,5.843999999999999889e-02,4.549369000000000440e+00,2.151500000000000000e+04,9.673057247131509781e+09,2.020185912200000166e+04,2.817599999999999966e-02,2.771484375000000000e+04,1
-1.82E+02,5.348284085999999661e+03,1.860800000000000000e+04,-1.99E+04,3.135990000000000166e-01,-2.99E-02,1.233216000000000090e+00,1.993200000000000000e+04,1.951266734684819412e+10,2.100621418700000140e+04,2.636799999999999908e-02,2.769140625000000000e+04,1
-2.28E+02,4.310860499999999774e+03,2.172700000000000000e+04,-1.89E+04,3.179930000000000256e-01,-7.61E-02,2.162704000000000182e+00,2.172700000000000000e+04,1.251539056062478256e+10,2.076909727500000008e+04,3.439899999999999902e-02,2.785546875000000000e+04,1
-5.36E+02,5.533541188000000147e+03,1.974600000000000000e+04,-2.08E+04,2.816159999999999775e-01,5.395199999999999996e-02,1.531331999999999915e+00,2.075100000000000000e+04,1.870903136182052612e+10,2.042973116799999843e+04,3.560900000000000176e-02,2.793750000000000000e+04,1
-4.32E+02,4.199399948000000222e+03,2.183400000000000000e+04,-1.82E+04,3.072509999999999963e-01,1.391600000000000059e-01,2.963290999999999897e+00,2.183400000000000000e+04,1.190393710499349976e+10,2.014155244400000083e+04,3.238100000000000006e-02,2.751562500000000000e+04,1
-1.92E+02,5.508135903000000326e+03,1.986000000000000000e+04,-2.20E+04,3.162840000000000096e-01,3.314600000000000185e-02,1.619488999999999956e+00,2.201400000000000000e+04,2.014506806059558105e+10,2.051153428200000053e+04,3.223600000000000076e-02,2.772656250000000000e+04,1
-2.08E+02,4.936696525999999722e+03,2.095200000000000000e+04,-2.22E+04,3.088380000000000014e-01,2.644900000000000029e-02,1.774867999999999890e+00,2.215900000000000000e+04,1.532673888528183365e+10,2.007315366200000062e+04,3.329499999999999821e-02,2.753906250000000000e+04,1
7.876536459999999806e+02,5.622112240000000384e+03,2.828600000000000000e+04,-2.95E+04,2.738039999999999918e-01,5.592799999999999855e-02,3.503165999999999780e+00,2.951000000000000000e+04,2.154357462891273499e+10,1.991431696200000079e+04,2.927099999999999841e-02,2.731640625000000000e+04,1
2.057260420000000067e+02,4.385220586000000367e+03,2.484400000000000000e+04,-2.28E+04,3.111570000000000169e-01,1.008789999999999965e-01,3.788323999999999803e+00,2.484400000000000000e+04,1.163099676955786896e+10,2.002371618099999978e+04,3.794499999999999956e-02,2.743359375000000000e+04,1
2.932812500000000000e+02,5.539663043999999900e+03,2.661400000000000000e+04,-2.75E+04,3.051760000000000028e-01,-6.20E-02,2.673540000000000028e+00,2.746800000000000000e+04,1.985269319337821579e+10,2.054354571500000020e+04,3.561799999999999689e-02,2.789062500000000000e+04,1
9.035437500000000455e+02,4.636606236999999965e+03,2.321900000000000000e+04,-2.23E+04,2.885739999999999972e-01,-7.40E-02,3.784819999999999851e+00,2.321900000000000000e+04,1.563743733656617928e+10,1.935454962099999830e+04,2.251900000000000082e-02,2.715234375000000000e+04,1
-5.66E+02,4.657734038999999939e+03,1.954500000000000000e+04,-2.04E+04,3.067630000000000079e-01,-6.39E-02,2.166749999999999954e+00,2.040300000000000000e+04,1.426933026020205879e+10,2.039387542499999836e+04,3.613600000000000145e-02,2.813671875000000000e+04,1
8.992239600000000621e+01,3.976988460999999916e+03,1.849800000000000000e+04,-2.27E+04,2.974849999999999994e-01,2.608119999999999883e-01,2.816349999999999909e+00,2.274600000000000000e+04,9.973014989157510757e+09,1.905473311000000103e+04,4.811900000000000205e-02,2.752734375000000000e+04,1
5.463802100000000195e+01,4.908739370000000235e+03,2.350500000000000000e+04,-2.38E+04,3.029789999999999983e-01,-3.62E-03,2.708794000000000146e+00,2.384300000000000000e+04,1.547682895924980545e+10,2.046020400399999926e+04,3.911799999999999999e-02,2.790234375000000000e+04,1
-3.37E+02,4.334818435000000136e+03,1.736500000000000000e+04,-1.92E+04,3.132320000000000104e-01,-4.04E-02,2.222818000000000183e+00,1.924200000000000000e+04,1.305666354271794510e+10,2.019105649199999971e+04,4.647500000000000242e-02,2.814843750000000000e+04,1
7.615572899999999379e+01,6.100024739999999838e+03,2.740600000000000000e+04,-2.94E+04,3.105470000000000175e-01,-8.99E-02,2.104629000000000083e+00,2.936000000000000000e+04,2.436224281438449478e+10,2.028682908899999893e+04,2.354900000000000049e-02,2.742187500000000000e+04,1
-5.60E+01,3.904123836000000210e+03,1.986000000000000000e+04,-2.41E+04,3.016360000000000152e-01,-7.57E-02,4.132056000000000395e+00,2.405400000000000000e+04,9.417439201503387451e+09,2.006274621000000116e+04,4.401499999999999857e-02,2.762109375000000000e+04,1
-2.07E+02,5.199595773000000008e+03,3.115800000000000000e+04,-3.38E+04,2.872310000000000141e-01,1.508809999999999873e-01,4.995090000000000252e+00,3.384900000000000000e+04,1.764121260928568649e+10,2.024617356300000029e+04,4.714200000000000335e-02,2.793750000000000000e+04,1
-1.75E+02,4.527701173000000381e+03,2.120500000000000000e+04,-1.88E+04,3.095700000000000118e-01,-2.59E-02,1.896131999999999929e+00,2.120500000000000000e+04,1.332656637805889511e+10,1.967182828599999993e+04,3.649100000000000260e-02,2.765625000000000000e+04,1
2.458010419999999954e+02,5.624843437999999878e+03,3.387400000000000000e+04,-3.39E+04,3.085939999999999794e-01,-6.16E-02,3.827119000000000160e+00,3.394200000000000000e+04,2.107823781691692734e+10,2.041197623000000021e+04,3.799099999999999699e-02,2.753906250000000000e+04,1
1.897515630000000044e+02,4.089640695999999934e+03,1.872200000000000000e+04,-2.11E+04,3.009029999999999760e-01,1.617250000000000076e-01,3.578263000000000194e+00,2.113300000000000000e+04,1.162344684713816071e+10,1.977857225200000175e+04,3.292899999999999994e-02,2.742187500000000000e+04,1
